CloudletID,ExecutionTime,VMID
4209,1.00,7
110,14.01,4
219,14.01,4
252,14.01,4
707,14.01,4
1792,14.01,4
2018,14.01,4
2225,14.01,4
2289,14.01,4
2370,14.01,4
2657,14.01,4
2819,14.01,4
3250,14.01,4
3444,14.01,4
3603,14.01,4
11,180.06,1
18,180.06,1
84,180.06,1
123,180.06,1
132,180.06,1
151,180.06,1
237,180.06,1
243,180.06,1
261,180.06,1
265,180.06,1
269,180.06,1
326,180.06,1
338,180.06,1
344,180.06,1
357,180.06,1
364,180.06,1
404,180.06,1
425,180.06,1
426,180.06,1
473,180.06,1
480,180.06,1
540,180.06,1
609,180.06,1
610,180.06,1
615,180.06,1
655,180.06,1
679,180.06,1
704,180.06,1
711,180.06,1
720,180.06,1
730,180.06,1
733,180.06,1
769,180.06,1
885,180.06,1
898,180.06,1
912,180.06,1
933,180.06,1
1002,180.06,1
1018,180.06,1
1066,180.06,1
1090,180.06,1
1104,180.06,1
1106,180.06,1
1142,180.06,1
1232,180.06,1
1299,180.06,1
1317,180.06,1
1384,180.06,1
1448,180.06,1
1450,180.06,1
1470,180.06,1
1489,180.06,1
1500,180.06,1
1542,180.06,1
1568,180.06,1
1575,180.06,1
1592,180.06,1
1629,180.06,1
1630,180.06,1
1676,180.06,1
1687,180.06,1
1719,180.06,1
1724,180.06,1
1749,180.06,1
1765,180.06,1
1769,180.06,1
1771,180.06,1
1774,180.06,1
1855,180.06,1
1860,180.06,1
1901,180.06,1
1931,180.06,1
1945,180.06,1
2054,180.06,1
2062,180.06,1
2094,180.06,1
2165,180.06,1
2229,180.06,1
2238,180.06,1
2273,180.06,1
2282,180.06,1
2319,180.06,1
2359,180.06,1
2503,180.06,1
2516,180.06,1
2532,180.06,1
2589,180.06,1
2591,180.06,1
2595,180.06,1
2596,180.06,1
2635,180.06,1
2646,180.06,1
2649,180.06,1
2727,180.06,1
2730,180.06,1
2754,180.06,1
2768,180.06,1
2777,180.06,1
2793,180.06,1
2808,180.06,1
2872,180.06,1
2894,180.06,1
2922,180.06,1
2932,180.06,1
3012,180.06,1
3016,180.06,1
3052,180.06,1
3069,180.06,1
3178,180.06,1
3195,180.06,1
3231,180.06,1
3262,180.06,1
3271,180.06,1
3344,180.06,1
3350,180.06,1
3362,180.06,1
3372,180.06,1
3386,180.06,1
3402,180.06,1
3415,180.06,1
3416,180.06,1
3459,180.06,1
3464,180.06,1
3478,180.06,1
3522,180.06,1
3600,180.06,1
3608,180.06,1
3662,180.06,1
3663,180.06,1
3664,180.06,1
3675,180.06,1
3726,180.06,1
3789,180.06,1
3832,180.06,1
3878,180.06,1
3883,180.06,1
3935,180.06,1
3938,180.06,1
3949,180.06,1
3951,180.06,1
3957,180.06,1
3965,180.06,1
3980,180.06,1
4052,180.06,1
4064,180.06,1
4081,180.06,1
4114,180.06,1
4144,180.06,1
4187,180.06,1
4222,180.06,1
4276,180.06,1
4303,180.06,1
4351,180.06,1
4369,180.06,1
4371,180.06,1
4374,180.06,1
4465,180.06,1
4485,180.06,1
4492,180.06,1
4517,180.06,1
4547,180.06,1
4589,180.06,1
4603,180.06,1
4611,180.06,1
4618,180.06,1
4619,180.06,1
4632,180.06,1
4646,180.06,1
4666,180.06,1
4667,180.06,1
4747,180.06,1
4778,180.06,1
4789,180.06,1
4845,180.06,1
4857,180.06,1
4871,180.06,1
4894,180.06,1
4904,180.06,1
4976,180.06,1
4985,180.06,1
13,426.14,5
14,426.14,5
15,426.14,5
22,426.14,5
24,426.14,5
30,426.14,5
37,426.14,5
39,426.14,5
57,426.14,5
58,426.14,5
67,426.14,5
68,426.14,5
83,426.14,5
85,426.14,5
89,426.14,5
111,426.14,5
113,426.14,5
115,426.14,5
125,426.14,5
128,426.14,5
134,426.14,5
135,426.14,5
139,426.14,5
143,426.14,5
152,426.14,5
160,426.14,5
175,426.14,5
178,426.14,5
186,426.14,5
188,426.14,5
196,426.14,5
202,426.14,5
212,426.14,5
224,426.14,5
227,426.14,5
232,426.14,5
240,426.14,5
241,426.14,5
263,426.14,5
297,426.14,5
302,426.14,5
307,426.14,5
319,426.14,5
320,426.14,5
325,426.14,5
328,426.14,5
331,426.14,5
333,426.14,5
340,426.14,5
346,426.14,5
347,426.14,5
348,426.14,5
351,426.14,5
370,426.14,5
395,426.14,5
401,426.14,5
402,426.14,5
423,426.14,5
443,426.14,5
453,426.14,5
465,426.14,5
477,426.14,5
479,426.14,5
490,426.14,5
496,426.14,5
507,426.14,5
511,426.14,5
518,426.14,5
522,426.14,5
525,426.14,5
527,426.14,5
528,426.14,5
532,426.14,5
534,426.14,5
535,426.14,5
543,426.14,5
548,426.14,5
549,426.14,5
552,426.14,5
557,426.14,5
572,426.14,5
584,426.14,5
585,426.14,5
603,426.14,5
613,426.14,5
618,426.14,5
627,426.14,5
630,426.14,5
642,426.14,5
650,426.14,5
652,426.14,5
658,426.14,5
661,426.14,5
662,426.14,5
675,426.14,5
699,426.14,5
703,426.14,5
706,426.14,5
712,426.14,5
717,426.14,5
729,426.14,5
740,426.14,5
742,426.14,5
746,426.14,5
760,426.14,5
763,426.14,5
766,426.14,5
770,426.14,5
771,426.14,5
778,426.14,5
779,426.14,5
794,426.14,5
805,426.14,5
809,426.14,5
817,426.14,5
818,426.14,5
820,426.14,5
821,426.14,5
823,426.14,5
826,426.14,5
827,426.14,5
830,426.14,5
833,426.14,5
834,426.14,5
845,426.14,5
847,426.14,5
871,426.14,5
875,426.14,5
882,426.14,5
884,426.14,5
886,426.14,5
903,426.14,5
906,426.14,5
914,426.14,5
917,426.14,5
919,426.14,5
927,426.14,5
932,426.14,5
935,426.14,5
961,426.14,5
964,426.14,5
967,426.14,5
971,426.14,5
972,426.14,5
975,426.14,5
978,426.14,5
988,426.14,5
989,426.14,5
1008,426.14,5
1022,426.14,5
1027,426.14,5
1028,426.14,5
1029,426.14,5
1033,426.14,5
1036,426.14,5
1042,426.14,5
1047,426.14,5
1052,426.14,5
1064,426.14,5
1080,426.14,5
1091,426.14,5
1092,426.14,5
1096,426.14,5
1098,426.14,5
1103,426.14,5
1110,426.14,5
1114,426.14,5
1115,426.14,5
1126,426.14,5
1129,426.14,5
1139,426.14,5
1162,426.14,5
1163,426.14,5
1164,426.14,5
1169,426.14,5
1172,426.14,5
1178,426.14,5
1202,426.14,5
1209,426.14,5
1210,426.14,5
1215,426.14,5
1217,426.14,5
1225,426.14,5
1228,426.14,5
1229,426.14,5
1237,426.14,5
1250,426.14,5
1272,426.14,5
1315,426.14,5
1316,426.14,5
1323,426.14,5
1340,426.14,5
1345,426.14,5
1362,426.14,5
1368,426.14,5
1374,426.14,5
1378,426.14,5
1388,426.14,5
1391,426.14,5
1392,426.14,5
1398,426.14,5
1402,426.14,5
1403,426.14,5
1417,426.14,5
1419,426.14,5
1426,426.14,5
1430,426.14,5
1437,426.14,5
1438,426.14,5
1442,426.14,5
1446,426.14,5
1454,426.14,5
1461,426.14,5
1484,426.14,5
1491,426.14,5
1494,426.14,5
1496,426.14,5
1527,426.14,5
1528,426.14,5
1538,426.14,5
1546,426.14,5
1549,426.14,5
1552,426.14,5
1553,426.14,5
1555,426.14,5
1573,426.14,5
1580,426.14,5
1582,426.14,5
1583,426.14,5
1584,426.14,5
1586,426.14,5
1589,426.14,5
1590,426.14,5
1600,426.14,5
1603,426.14,5
1608,426.14,5
1626,426.14,5
1627,426.14,5
1628,426.14,5
1634,426.14,5
1644,426.14,5
1647,426.14,5
1654,426.14,5
1667,426.14,5
1675,426.14,5
1679,426.14,5
1695,426.14,5
1699,426.14,5
1700,426.14,5
1713,426.14,5
1715,426.14,5
1722,426.14,5
1732,426.14,5
1743,426.14,5
1750,426.14,5
1760,426.14,5
1764,426.14,5
1776,426.14,5
1780,426.14,5
1781,426.14,5
1790,426.14,5
1795,426.14,5
1798,426.14,5
1809,426.14,5
1822,426.14,5
1839,426.14,5
1845,426.14,5
1848,426.14,5
1849,426.14,5
1850,426.14,5
1853,426.14,5
1864,426.14,5
1878,426.14,5
1884,426.14,5
1886,426.14,5
1890,426.14,5
1893,426.14,5
1898,426.14,5
1903,426.14,5
1905,426.14,5
1911,426.14,5
1915,426.14,5
1916,426.14,5
1921,426.14,5
1932,426.14,5
1936,426.14,5
1947,426.14,5
1957,426.14,5
1963,426.14,5
1964,426.14,5
1965,426.14,5
1970,426.14,5
1975,426.14,5
1976,426.14,5
1981,426.14,5
1985,426.14,5
2007,426.14,5
2008,426.14,5
2010,426.14,5
2014,426.14,5
2017,426.14,5
2019,426.14,5
2021,426.14,5
2023,426.14,5
2046,426.14,5
2055,426.14,5
2061,426.14,5
2063,426.14,5
2078,426.14,5
2082,426.14,5
2086,426.14,5
2096,426.14,5
2105,426.14,5
2109,426.14,5
2113,426.14,5
2120,426.14,5
2125,426.14,5
2134,426.14,5
2136,426.14,5
2139,426.14,5
2141,426.14,5
2144,426.14,5
2145,426.14,5
2170,426.14,5
2180,426.14,5
2184,426.14,5
2189,426.14,5
2199,426.14,5
2203,426.14,5
2211,426.14,5
2216,426.14,5
2218,426.14,5
2230,426.14,5
2231,426.14,5
2233,426.14,5
2236,426.14,5
2240,426.14,5
2244,426.14,5
2254,426.14,5
2255,426.14,5
2264,426.14,5
2281,426.14,5
2286,426.14,5
2287,426.14,5
2308,426.14,5
2314,426.14,5
2321,426.14,5
2322,426.14,5
2331,426.14,5
2360,426.14,5
2361,426.14,5
2364,426.14,5
2383,426.14,5
2390,426.14,5
2405,426.14,5
2414,426.14,5
2416,426.14,5
2417,426.14,5
2420,426.14,5
2428,426.14,5
2433,426.14,5
2443,426.14,5
2464,426.14,5
2471,426.14,5
2483,426.14,5
2523,426.14,5
2529,426.14,5
2530,426.14,5
2535,426.14,5
2563,426.14,5
2566,426.14,5
2569,426.14,5
2571,426.14,5
2581,426.14,5
2598,426.14,5
2601,426.14,5
2602,426.14,5
2617,426.14,5
2622,426.14,5
2623,426.14,5
2629,426.14,5
2637,426.14,5
2643,426.14,5
2650,426.14,5
2679,426.14,5
2693,426.14,5
2702,426.14,5
2716,426.14,5
2725,426.14,5
2726,426.14,5
2733,426.14,5
2734,426.14,5
2739,426.14,5
2744,426.14,5
2745,426.14,5
2753,426.14,5
2759,426.14,5
2763,426.14,5
2767,426.14,5
2770,426.14,5
2771,426.14,5
2783,426.14,5
2788,426.14,5
2789,426.14,5
2792,426.14,5
2805,426.14,5
2814,426.14,5
2815,426.14,5
2817,426.14,5
2825,426.14,5
2828,426.14,5
2835,426.14,5
2837,426.14,5
2839,426.14,5
2847,426.14,5
2856,426.14,5
2857,426.14,5
2874,426.14,5
2893,426.14,5
2897,426.14,5
2908,426.14,5
2909,426.14,5
2913,426.14,5
2920,426.14,5
2921,426.14,5
2928,426.14,5
2942,426.14,5
2955,426.14,5
2957,426.14,5
2962,426.14,5
2963,426.14,5
2968,426.14,5
2987,426.14,5
2997,426.14,5
3004,426.14,5
3005,426.14,5
3008,426.14,5
3013,426.14,5
3018,426.14,5
3026,426.14,5
3030,426.14,5
3044,426.14,5
3046,426.14,5
3072,426.14,5
3075,426.14,5
3077,426.14,5
3078,426.14,5
3095,426.14,5
3107,426.14,5
3111,426.14,5
3113,426.14,5
3121,426.14,5
3127,426.14,5
3135,426.14,5
3143,426.14,5
3145,426.14,5
3147,426.14,5
3158,426.14,5
3159,426.14,5
3163,426.14,5
3175,426.14,5
3179,426.14,5
3184,426.14,5
3191,426.14,5
3192,426.14,5
3213,426.14,5
3214,426.14,5
3219,426.14,5
3220,426.14,5
3228,426.14,5
3234,426.14,5
3241,426.14,5
3242,426.14,5
3255,426.14,5
3256,426.14,5
3261,426.14,5
3266,426.14,5
3277,426.14,5
3278,426.14,5
3293,426.14,5
3298,426.14,5
3299,426.14,5
3300,426.14,5
3301,426.14,5
3312,426.14,5
3324,426.14,5
3329,426.14,5
3331,426.14,5
3332,426.14,5
3333,426.14,5
3347,426.14,5
3357,426.14,5
3360,426.14,5
3363,426.14,5
3367,426.14,5
3383,426.14,5
3385,426.14,5
3393,426.14,5
3397,426.14,5
3399,426.14,5
3406,426.14,5
3412,426.14,5
3413,426.14,5
3417,426.14,5
3426,426.14,5
3437,426.14,5
3445,426.14,5
3448,426.14,5
3450,426.14,5
3452,426.14,5
3457,426.14,5
3463,426.14,5
3469,426.14,5
3471,426.14,5
3485,426.14,5
3487,426.14,5
3490,426.14,5
3512,426.14,5
3517,426.14,5
3521,426.14,5
3524,426.14,5
3526,426.14,5
3528,426.14,5
3533,426.14,5
3537,426.14,5
3545,426.14,5
3547,426.14,5
3553,426.14,5
3557,426.14,5
3560,426.14,5
3565,426.14,5
3569,426.14,5
3570,426.14,5
3579,426.14,5
3586,426.14,5
3590,426.14,5
3591,426.14,5
3595,426.14,5
3598,426.14,5
3606,426.14,5
3607,426.14,5
3612,426.14,5
3621,426.14,5
3646,426.14,5
3654,426.14,5
3658,426.14,5
3660,426.14,5
3666,426.14,5
3668,426.14,5
3670,426.14,5
3671,426.14,5
3673,426.14,5
3681,426.14,5
3684,426.14,5
3686,426.14,5
3688,426.14,5
3697,426.14,5
3713,426.14,5
3714,426.14,5
3727,426.14,5
3734,426.14,5
3735,426.14,5
3747,426.14,5
3755,426.14,5
3771,426.14,5
3774,426.14,5
3776,426.14,5
3780,426.14,5
3782,426.14,5
3786,426.14,5
3809,426.14,5
3826,426.14,5
3840,426.14,5
3841,426.14,5
3849,426.14,5
3862,426.14,5
3864,426.14,5
3866,426.14,5
3867,426.14,5
3869,426.14,5
3884,426.14,5
3885,426.14,5
3886,426.14,5
3897,426.14,5
3903,426.14,5
3904,426.14,5
3924,426.14,5
3925,426.14,5
3936,426.14,5
3952,426.14,5
3958,426.14,5
3964,426.14,5
3973,426.14,5
3977,426.14,5
3998,426.14,5
4006,426.14,5
4008,426.14,5
4015,426.14,5
4041,426.14,5
4045,426.14,5
4048,426.14,5
4054,426.14,5
4063,426.14,5
4070,426.14,5
4078,426.14,5
4090,426.14,5
4091,426.14,5
4093,426.14,5
4096,426.14,5
4097,426.14,5
4110,426.14,5
4115,426.14,5
4118,426.14,5
4125,426.14,5
4130,426.14,5
4135,426.14,5
4138,426.14,5
4143,426.14,5
4154,426.14,5
4164,426.14,5
4166,426.14,5
4167,426.14,5
4169,426.14,5
4183,426.14,5
4193,426.14,5
4195,426.14,5
4199,426.14,5
4205,426.14,5
4211,426.14,5
4214,426.14,5
4215,426.14,5
4221,426.14,5
4223,426.14,5
4226,426.14,5
4230,426.14,5
4246,426.14,5
4251,426.14,5
4260,426.14,5
4262,426.14,5
4270,426.14,5
4281,426.14,5
4282,426.14,5
4283,426.14,5
4290,426.14,5
4291,426.14,5
4301,426.14,5
4319,426.14,5
4333,426.14,5
4348,426.14,5
4372,426.14,5
4376,426.14,5
4382,426.14,5
4392,426.14,5
4393,426.14,5
4395,426.14,5
4410,426.14,5
4415,426.14,5
4435,426.14,5
4436,426.14,5
4443,426.14,5
4444,426.14,5
4447,426.14,5
4455,426.14,5
4479,426.14,5
4482,426.14,5
4483,426.14,5
4486,426.14,5
4502,426.14,5
4504,426.14,5
4519,426.14,5
4523,426.14,5
4530,426.14,5
4531,426.14,5
4532,426.14,5
4533,426.14,5
4539,426.14,5
4541,426.14,5
4555,426.14,5
4558,426.14,5
4566,426.14,5
4567,426.14,5
4572,426.14,5
4577,426.14,5
4580,426.14,5
4588,426.14,5
4590,426.14,5
4593,426.14,5
4600,426.14,5
4606,426.14,5
4607,426.14,5
4614,426.14,5
4624,426.14,5
4628,426.14,5
4641,426.14,5
4652,426.14,5
4661,426.14,5
4668,426.14,5
4670,426.14,5
4671,426.14,5
4675,426.14,5
4682,426.14,5
4696,426.14,5
4709,426.14,5
4718,426.14,5
4721,426.14,5
4743,426.14,5
4746,426.14,5
4748,426.14,5
4756,426.14,5
4762,426.14,5
4772,426.14,5
4779,426.14,5
4783,426.14,5
4793,426.14,5
4797,426.14,5
4800,426.14,5
4806,426.14,5
4814,426.14,5
4817,426.14,5
4821,426.14,5
4823,426.14,5
4848,426.14,5
4856,426.14,5
4863,426.14,5
4885,426.14,5
4900,426.14,5
4902,426.14,5
4908,426.14,5
4926,426.14,5
4928,426.14,5
4933,426.14,5
4935,426.14,5
4944,426.14,5
4945,426.14,5
4951,426.14,5
4955,426.14,5
4960,426.14,5
4964,426.14,5
4968,426.14,5
4980,426.14,5
4986,426.14,5
4997,426.14,5
2,426.14,6
5,426.14,6
9,426.14,6
10,426.14,6
25,426.14,6
28,426.14,6
29,426.14,6
34,426.14,6
40,426.14,6
50,426.14,6
52,426.14,6
56,426.14,6
62,426.14,6
64,426.14,6
72,426.14,6
73,426.14,6
77,426.14,6
80,426.14,6
82,426.14,6
104,426.14,6
105,426.14,6
116,426.14,6
124,426.14,6
136,426.14,6
140,426.14,6
142,426.14,6
161,426.14,6
164,426.14,6
169,426.14,6
173,426.14,6
177,426.14,6
190,426.14,6
191,426.14,6
200,426.14,6
205,426.14,6
220,426.14,6
221,426.14,6
225,426.14,6
229,426.14,6
245,426.14,6
257,426.14,6
260,426.14,6
267,426.14,6
274,426.14,6
279,426.14,6
280,426.14,6
281,426.14,6
286,426.14,6
291,426.14,6
293,426.14,6
303,426.14,6
312,426.14,6
315,426.14,6
318,426.14,6
329,426.14,6
342,426.14,6
343,426.14,6
352,426.14,6
354,426.14,6
359,426.14,6
375,426.14,6
381,426.14,6
382,426.14,6
384,426.14,6
390,426.14,6
392,426.14,6
393,426.14,6
406,426.14,6
408,426.14,6
410,426.14,6
414,426.14,6
416,426.14,6
419,426.14,6
420,426.14,6
428,426.14,6
430,426.14,6
436,426.14,6
438,426.14,6
439,426.14,6
441,426.14,6
445,426.14,6
449,426.14,6
450,426.14,6
456,426.14,6
460,426.14,6
471,426.14,6
472,426.14,6
478,426.14,6
481,426.14,6
489,426.14,6
493,426.14,6
505,426.14,6
509,426.14,6
513,426.14,6
514,426.14,6
515,426.14,6
520,426.14,6
529,426.14,6
531,426.14,6
541,426.14,6
554,426.14,6
555,426.14,6
556,426.14,6
562,426.14,6
565,426.14,6
575,426.14,6
579,426.14,6
580,426.14,6
581,426.14,6
582,426.14,6
586,426.14,6
589,426.14,6
594,426.14,6
598,426.14,6
604,426.14,6
605,426.14,6
616,426.14,6
617,426.14,6
628,426.14,6
629,426.14,6
637,426.14,6
639,426.14,6
645,426.14,6
648,426.14,6
653,426.14,6
660,426.14,6
664,426.14,6
668,426.14,6
674,426.14,6
683,426.14,6
687,426.14,6
690,426.14,6
692,426.14,6
693,426.14,6
705,426.14,6
710,426.14,6
715,426.14,6
725,426.14,6
737,426.14,6
749,426.14,6
752,426.14,6
753,426.14,6
754,426.14,6
756,426.14,6
757,426.14,6
758,426.14,6
789,426.14,6
790,426.14,6
798,426.14,6
801,426.14,6
802,426.14,6
803,426.14,6
816,426.14,6
831,426.14,6
841,426.14,6
842,426.14,6
844,426.14,6
846,426.14,6
853,426.14,6
856,426.14,6
858,426.14,6
859,426.14,6
860,426.14,6
870,426.14,6
878,426.14,6
879,426.14,6
888,426.14,6
900,426.14,6
905,426.14,6
910,426.14,6
913,426.14,6
924,426.14,6
925,426.14,6
930,426.14,6
936,426.14,6
940,426.14,6
948,426.14,6
957,426.14,6
990,426.14,6
1004,426.14,6
1005,426.14,6
1010,426.14,6
1017,426.14,6
1030,426.14,6
1037,426.14,6
1043,426.14,6
1053,426.14,6
1054,426.14,6
1071,426.14,6
1072,426.14,6
1079,426.14,6
1084,426.14,6
1105,426.14,6
1116,426.14,6
1119,426.14,6
1123,426.14,6
1125,426.14,6
1127,426.14,6
1131,426.14,6
1132,426.14,6
1133,426.14,6
1140,426.14,6
1141,426.14,6
1147,426.14,6
1159,426.14,6
1161,426.14,6
1170,426.14,6
1173,426.14,6
1175,426.14,6
1185,426.14,6
1189,426.14,6
1190,426.14,6
1191,426.14,6
1198,426.14,6
1200,426.14,6
1203,426.14,6
1208,426.14,6
1213,426.14,6
1218,426.14,6
1219,426.14,6
1236,426.14,6
1240,426.14,6
1242,426.14,6
1243,426.14,6
1244,426.14,6
1251,426.14,6
1252,426.14,6
1257,426.14,6
1260,426.14,6
1264,426.14,6
1266,426.14,6
1271,426.14,6
1273,426.14,6
1275,426.14,6
1284,426.14,6
1285,426.14,6
1297,426.14,6
1306,426.14,6
1319,426.14,6
1322,426.14,6
1327,426.14,6
1330,426.14,6
1332,426.14,6
1333,426.14,6
1334,426.14,6
1343,426.14,6
1350,426.14,6
1352,426.14,6
1354,426.14,6
1356,426.14,6
1364,426.14,6
1376,426.14,6
1399,426.14,6
1400,426.14,6
1404,426.14,6
1405,426.14,6
1406,426.14,6
1407,426.14,6
1409,426.14,6
1415,426.14,6
1424,426.14,6
1439,426.14,6
1441,426.14,6
1444,426.14,6
1447,426.14,6
1453,426.14,6
1471,426.14,6
1472,426.14,6
1476,426.14,6
1478,426.14,6
1485,426.14,6
1492,426.14,6
1502,426.14,6
1508,426.14,6
1526,426.14,6
1531,426.14,6
1536,426.14,6
1539,426.14,6
1541,426.14,6
1543,426.14,6
1547,426.14,6
1548,426.14,6
1551,426.14,6
1556,426.14,6
1560,426.14,6
1567,426.14,6
1571,426.14,6
1574,426.14,6
1578,426.14,6
1594,426.14,6
1613,426.14,6
1614,426.14,6
1619,426.14,6
1621,426.14,6
1623,426.14,6
1625,426.14,6
1633,426.14,6
1639,426.14,6
1640,426.14,6
1649,426.14,6
1651,426.14,6
1655,426.14,6
1660,426.14,6
1665,426.14,6
1670,426.14,6
1672,426.14,6
1685,426.14,6
1702,426.14,6
1705,426.14,6
1708,426.14,6
1711,426.14,6
1714,426.14,6
1717,426.14,6
1720,426.14,6
1728,426.14,6
1731,426.14,6
1737,426.14,6
1746,426.14,6
1747,426.14,6
1753,426.14,6
1762,426.14,6
1770,426.14,6
1778,426.14,6
1784,426.14,6
1786,426.14,6
1787,426.14,6
1789,426.14,6
1801,426.14,6
1803,426.14,6
1811,426.14,6
1819,426.14,6
1828,426.14,6
1833,426.14,6
1834,426.14,6
1835,426.14,6
1843,426.14,6
1844,426.14,6
1851,426.14,6
1868,426.14,6
1875,426.14,6
1879,426.14,6
1885,426.14,6
1891,426.14,6
1892,426.14,6
1897,426.14,6
1918,426.14,6
1919,426.14,6
1926,426.14,6
1938,426.14,6
1946,426.14,6
1959,426.14,6
1966,426.14,6
1967,426.14,6
1972,426.14,6
1973,426.14,6
1996,426.14,6
2009,426.14,6
2024,426.14,6
2034,426.14,6
2042,426.14,6
2044,426.14,6
2047,426.14,6
2053,426.14,6
2066,426.14,6
2084,426.14,6
2092,426.14,6
2099,426.14,6
2106,426.14,6
2112,426.14,6
2119,426.14,6
2130,426.14,6
2138,426.14,6
2154,426.14,6
2157,426.14,6
2161,426.14,6
2164,426.14,6
2169,426.14,6
2173,426.14,6
2178,426.14,6
2181,426.14,6
2191,426.14,6
2194,426.14,6
2195,426.14,6
2196,426.14,6
2201,426.14,6
2205,426.14,6
2206,426.14,6
2217,426.14,6
2220,426.14,6
2221,426.14,6
2224,426.14,6
2226,426.14,6
2242,426.14,6
2248,426.14,6
2253,426.14,6
2263,426.14,6
2265,426.14,6
2292,426.14,6
2293,426.14,6
2296,426.14,6
2300,426.14,6
2309,426.14,6
2318,426.14,6
2326,426.14,6
2328,426.14,6
2333,426.14,6
2335,426.14,6
2341,426.14,6
2342,426.14,6
2343,426.14,6
2347,426.14,6
2348,426.14,6
2367,426.14,6
2368,426.14,6
2380,426.14,6
2385,426.14,6
2386,426.14,6
2391,426.14,6
2393,426.14,6
2394,426.14,6
2396,426.14,6
2402,426.14,6
2404,426.14,6
2406,426.14,6
2407,426.14,6
2408,426.14,6
2409,426.14,6
2418,426.14,6
2436,426.14,6
2442,426.14,6
2446,426.14,6
2450,426.14,6
2452,426.14,6
2457,426.14,6
2459,426.14,6
2460,426.14,6
2469,426.14,6
2470,426.14,6
2472,426.14,6
2476,426.14,6
2482,426.14,6
2485,426.14,6
2487,426.14,6
2490,426.14,6
2493,426.14,6
2494,426.14,6
2495,426.14,6
2500,426.14,6
2504,426.14,6
2506,426.14,6
2508,426.14,6
2520,426.14,6
2526,426.14,6
2533,426.14,6
2536,426.14,6
2537,426.14,6
2540,426.14,6
2544,426.14,6
2545,426.14,6
2554,426.14,6
2559,426.14,6
2582,426.14,6
2584,426.14,6
2587,426.14,6
2593,426.14,6
2599,426.14,6
2608,426.14,6
2633,426.14,6
2639,426.14,6
2642,426.14,6
2647,426.14,6
2655,426.14,6
2661,426.14,6
2662,426.14,6
2663,426.14,6
2671,426.14,6
2673,426.14,6
2674,426.14,6
2678,426.14,6
2684,426.14,6
2685,426.14,6
2686,426.14,6
2692,426.14,6
2706,426.14,6
2709,426.14,6
2711,426.14,6
2715,426.14,6
2738,426.14,6
2741,426.14,6
2742,426.14,6
2751,426.14,6
2764,426.14,6
2784,426.14,6
2790,426.14,6
2799,426.14,6
2806,426.14,6
2812,426.14,6
2832,426.14,6
2842,426.14,6
2845,426.14,6
2848,426.14,6
2858,426.14,6
2868,426.14,6
2870,426.14,6
2873,426.14,6
2877,426.14,6
2879,426.14,6
2887,426.14,6
2896,426.14,6
2898,426.14,6
2901,426.14,6
2905,426.14,6
2906,426.14,6
2907,426.14,6
2911,426.14,6
2917,426.14,6
2929,426.14,6
2944,426.14,6
2946,426.14,6
2947,426.14,6
2960,426.14,6
2964,426.14,6
2966,426.14,6
2969,426.14,6
2972,426.14,6
2973,426.14,6
2978,426.14,6
2984,426.14,6
2985,426.14,6
2986,426.14,6
2989,426.14,6
2990,426.14,6
2991,426.14,6
2996,426.14,6
3024,426.14,6
3033,426.14,6
3047,426.14,6
3048,426.14,6
3054,426.14,6
3057,426.14,6
3063,426.14,6
3065,426.14,6
3066,426.14,6
3100,426.14,6
3106,426.14,6
3116,426.14,6
3119,426.14,6
3131,426.14,6
3139,426.14,6
3141,426.14,6
3146,426.14,6
3148,426.14,6
3152,426.14,6
3167,426.14,6
3174,426.14,6
3183,426.14,6
3188,426.14,6
3190,426.14,6
3193,426.14,6
3203,426.14,6
3204,426.14,6
3206,426.14,6
3210,426.14,6
3218,426.14,6
3221,426.14,6
3226,426.14,6
3230,426.14,6
3239,426.14,6
3248,426.14,6
3249,426.14,6
3252,426.14,6
3258,426.14,6
3263,426.14,6
3265,426.14,6
3269,426.14,6
3280,426.14,6
3284,426.14,6
3287,426.14,6
3304,426.14,6
3307,426.14,6
3308,426.14,6
3315,426.14,6
3317,426.14,6
3338,426.14,6
3342,426.14,6
3352,426.14,6
3353,426.14,6
3356,426.14,6
3370,426.14,6
3380,426.14,6
3387,426.14,6
3388,426.14,6
3403,426.14,6
3418,426.14,6
3431,426.14,6
3433,426.14,6
3440,426.14,6
3449,426.14,6
3451,426.14,6
3453,426.14,6
3454,426.14,6
3467,426.14,6
3488,426.14,6
3515,426.14,6
3518,426.14,6
3519,426.14,6
3520,426.14,6
3543,426.14,6
3546,426.14,6
3549,426.14,6
3554,426.14,6
3555,426.14,6
3558,426.14,6
3576,426.14,6
3578,426.14,6
3614,426.14,6
3616,426.14,6
3618,426.14,6
3619,426.14,6
3620,426.14,6
3632,426.14,6
3634,426.14,6
3641,426.14,6
3644,426.14,6
3651,426.14,6
3667,426.14,6
3677,426.14,6
3680,426.14,6
3691,426.14,6
3695,426.14,6
3696,426.14,6
3707,426.14,6
3715,426.14,6
3720,426.14,6
3723,426.14,6
3738,426.14,6
3749,426.14,6
3750,426.14,6
3751,426.14,6
3758,426.14,6
3770,426.14,6
3784,426.14,6
3790,426.14,6
3793,426.14,6
3795,426.14,6
3818,426.14,6
3821,426.14,6
3829,426.14,6
3831,426.14,6
3838,426.14,6
3850,426.14,6
3870,426.14,6
3873,426.14,6
3877,426.14,6
3879,426.14,6
3899,426.14,6
3902,426.14,6
3907,426.14,6
3909,426.14,6
3916,426.14,6
3918,426.14,6
3919,426.14,6
3922,426.14,6
3927,426.14,6
3931,426.14,6
3941,426.14,6
3943,426.14,6
3975,426.14,6
3978,426.14,6
3979,426.14,6
3981,426.14,6
3984,426.14,6
3989,426.14,6
3996,426.14,6
3997,426.14,6
4000,426.14,6
4023,426.14,6
4025,426.14,6
4027,426.14,6
4050,426.14,6
4062,426.14,6
4066,426.14,6
4072,426.14,6
4085,426.14,6
4087,426.14,6
4092,426.14,6
4099,426.14,6
4105,426.14,6
4117,426.14,6
4120,426.14,6
4124,426.14,6
4127,426.14,6
4128,426.14,6
4131,426.14,6
4146,426.14,6
4149,426.14,6
4158,426.14,6
4159,426.14,6
4161,426.14,6
4173,426.14,6
4174,426.14,6
4177,426.14,6
4182,426.14,6
4198,426.14,6
4200,426.14,6
4208,426.14,6
4210,426.14,6
4220,426.14,6
4225,426.14,6
4242,426.14,6
4243,426.14,6
4247,426.14,6
4252,426.14,6
4253,426.14,6
4261,426.14,6
4274,426.14,6
4277,426.14,6
4278,426.14,6
4288,426.14,6
4289,426.14,6
4294,426.14,6
4313,426.14,6
4316,426.14,6
4320,426.14,6
4322,426.14,6
4343,426.14,6
4344,426.14,6
4350,426.14,6
4364,426.14,6
4367,426.14,6
4370,426.14,6
4375,426.14,6
4380,426.14,6
4381,426.14,6
4391,426.14,6
4396,426.14,6
4401,426.14,6
4402,426.14,6
4403,426.14,6
4408,426.14,6
4412,426.14,6
4417,426.14,6
4432,426.14,6
4438,426.14,6
4439,426.14,6
4452,426.14,6
4456,426.14,6
4457,426.14,6
4459,426.14,6
4460,426.14,6
4463,426.14,6
4467,426.14,6
4471,426.14,6
4481,426.14,6
4484,426.14,6
4489,426.14,6
4490,426.14,6
4498,426.14,6
4499,426.14,6
4505,426.14,6
4520,426.14,6
4526,426.14,6
4527,426.14,6
4545,426.14,6
4546,426.14,6
4549,426.14,6
4551,426.14,6
4553,426.14,6
4554,426.14,6
4556,426.14,6
4559,426.14,6
4564,426.14,6
4579,426.14,6
4594,426.14,6
4602,426.14,6
4621,426.14,6
4623,426.14,6
4627,426.14,6
4635,426.14,6
4637,426.14,6
4638,426.14,6
4645,426.14,6
4648,426.14,6
4651,426.14,6
4654,426.14,6
4655,426.14,6
4665,426.14,6
4672,426.14,6
4674,426.14,6
4676,426.14,6
4679,426.14,6
4689,426.14,6
4697,426.14,6
4699,426.14,6
4712,426.14,6
4713,426.14,6
4719,426.14,6
4724,426.14,6
4740,426.14,6
4742,426.14,6
4752,426.14,6
4755,426.14,6
4759,426.14,6
4763,426.14,6
4769,426.14,6
4775,426.14,6
4777,426.14,6
4791,426.14,6
4803,426.14,6
4804,426.14,6
4811,426.14,6
4820,426.14,6
4827,426.14,6
4831,426.14,6
4836,426.14,6
4839,426.14,6
4855,426.14,6
4860,426.14,6
4861,426.14,6
4869,426.14,6
4876,426.14,6
4881,426.14,6
4882,426.14,6
4887,426.14,6
4895,426.14,6
4896,426.14,6
4927,426.14,6
4929,426.14,6
4931,426.14,6
4932,426.14,6
4937,426.14,6
4940,426.14,6
4962,426.14,6
4963,426.14,6
4969,426.14,6
4978,426.14,6
4982,426.14,6
4984,426.14,6
4987,426.14,6
4989,426.14,6
4993,426.14,6
4998,426.14,6
6,466.07,0
8,466.07,0
17,466.07,0
31,466.07,0
33,466.07,0
35,466.07,0
42,466.07,0
45,466.07,0
46,466.07,0
47,466.07,0
53,466.07,0
59,466.07,0
65,466.07,0
71,466.07,0
76,466.07,0
78,466.07,0
88,466.07,0
93,466.07,0
95,466.07,0
100,466.07,0
106,466.07,0
119,466.07,0
120,466.07,0
121,466.07,0
126,466.07,0
127,466.07,0
131,466.07,0
146,466.07,0
147,466.07,0
148,466.07,0
153,466.07,0
156,466.07,0
159,466.07,0
166,466.07,0
168,466.07,0
176,466.07,0
182,466.07,0
183,466.07,0
184,466.07,0
192,466.07,0
195,466.07,0
199,466.07,0
215,466.07,0
226,466.07,0
242,466.07,0
244,466.07,0
247,466.07,0
256,466.07,0
268,466.07,0
271,466.07,0
272,466.07,0
275,466.07,0
277,466.07,0
278,466.07,0
282,466.07,0
287,466.07,0
288,466.07,0
292,466.07,0
294,466.07,0
306,466.07,0
309,466.07,0
311,466.07,0
322,466.07,0
324,466.07,0
330,466.07,0
339,466.07,0
341,466.07,0
345,466.07,0
349,466.07,0
353,466.07,0
356,466.07,0
360,466.07,0
366,466.07,0
372,466.07,0
374,466.07,0
377,466.07,0
378,466.07,0
386,466.07,0
388,466.07,0
394,466.07,0
397,466.07,0
398,466.07,0
407,466.07,0
413,466.07,0
432,466.07,0
433,466.07,0
434,466.07,0
442,466.07,0
455,466.07,0
457,466.07,0
458,466.07,0
462,466.07,0
463,466.07,0
484,466.07,0
485,466.07,0
486,466.07,0
498,466.07,0
503,466.07,0
510,466.07,0
517,466.07,0
521,466.07,0
544,466.07,0
553,466.07,0
559,466.07,0
563,466.07,0
571,466.07,0
577,466.07,0
587,466.07,0
596,466.07,0
599,466.07,0
607,466.07,0
614,466.07,0
623,466.07,0
625,466.07,0
632,466.07,0
635,466.07,0
638,466.07,0
641,466.07,0
647,466.07,0
669,466.07,0
671,466.07,0
680,466.07,0
697,466.07,0
698,466.07,0
718,466.07,0
721,466.07,0
726,466.07,0
728,466.07,0
739,466.07,0
743,466.07,0
748,466.07,0
759,466.07,0
764,466.07,0
781,466.07,0
783,466.07,0
788,466.07,0
791,466.07,0
792,466.07,0
804,466.07,0
807,466.07,0
819,466.07,0
824,466.07,0
829,466.07,0
835,466.07,0
849,466.07,0
861,466.07,0
868,466.07,0
869,466.07,0
874,466.07,0
876,466.07,0
881,466.07,0
887,466.07,0
892,466.07,0
897,466.07,0
908,466.07,0
909,466.07,0
915,466.07,0
916,466.07,0
939,466.07,0
944,466.07,0
946,466.07,0
949,466.07,0
951,466.07,0
953,466.07,0
955,466.07,0
956,466.07,0
959,466.07,0
965,466.07,0
969,466.07,0
979,466.07,0
983,466.07,0
984,466.07,0
991,466.07,0
993,466.07,0
997,466.07,0
1000,466.07,0
1006,466.07,0
1011,466.07,0
1012,466.07,0
1013,466.07,0
1025,466.07,0
1040,466.07,0
1044,466.07,0
1050,466.07,0
1067,466.07,0
1073,466.07,0
1074,466.07,0
1077,466.07,0
1078,466.07,0
1082,466.07,0
1085,466.07,0
1086,466.07,0
1089,466.07,0
1107,466.07,0
1108,466.07,0
1120,466.07,0
1124,466.07,0
1137,466.07,0
1138,466.07,0
1146,466.07,0
1156,466.07,0
1166,466.07,0
1168,466.07,0
1176,466.07,0
1182,466.07,0
1183,466.07,0
1184,466.07,0
1201,466.07,0
1206,466.07,0
1216,466.07,0
1224,466.07,0
1226,466.07,0
1227,466.07,0
1231,466.07,0
1233,466.07,0
1234,466.07,0
1253,466.07,0
1267,466.07,0
1268,466.07,0
1274,466.07,0
1277,466.07,0
1283,466.07,0
1287,466.07,0
1288,466.07,0
1289,466.07,0
1290,466.07,0
1296,466.07,0
1310,466.07,0
1313,466.07,0
1318,466.07,0
1326,466.07,0
1331,466.07,0
1339,466.07,0
1358,466.07,0
1359,466.07,0
1365,466.07,0
1367,466.07,0
1369,466.07,0
1377,466.07,0
1381,466.07,0
1390,466.07,0
1396,466.07,0
1401,466.07,0
1408,466.07,0
1411,466.07,0
1412,466.07,0
1413,466.07,0
1414,466.07,0
1418,466.07,0
1435,466.07,0
1436,466.07,0
1451,466.07,0
1455,466.07,0
1457,466.07,0
1458,466.07,0
1466,466.07,0
1468,466.07,0
1469,466.07,0
1474,466.07,0
1475,466.07,0
1477,466.07,0
1482,466.07,0
1487,466.07,0
1490,466.07,0
1493,466.07,0
1503,466.07,0
1505,466.07,0
1510,466.07,0
1513,466.07,0
1516,466.07,0
1517,466.07,0
1518,466.07,0
1519,466.07,0
1521,466.07,0
1525,466.07,0
1558,466.07,0
1576,466.07,0
1577,466.07,0
1579,466.07,0
1581,466.07,0
1597,466.07,0
1602,466.07,0
1606,466.07,0
1611,466.07,0
1616,466.07,0
1620,466.07,0
1622,466.07,0
1636,466.07,0
1646,466.07,0
1650,466.07,0
1661,466.07,0
1669,466.07,0
1674,466.07,0
1677,466.07,0
1681,466.07,0
1688,466.07,0
1690,466.07,0
1701,466.07,0
1707,466.07,0
1710,466.07,0
1723,466.07,0
1726,466.07,0
1729,466.07,0
1730,466.07,0
1739,466.07,0
1740,466.07,0
1741,466.07,0
1748,466.07,0
1751,466.07,0
1754,466.07,0
1755,466.07,0
1773,466.07,0
1775,466.07,0
1779,466.07,0
1782,466.07,0
1788,466.07,0
1791,466.07,0
1813,466.07,0
1814,466.07,0
1815,466.07,0
1820,466.07,0
1827,466.07,0
1836,466.07,0
1841,466.07,0
1859,466.07,0
1865,466.07,0
1870,466.07,0
1871,466.07,0
1872,466.07,0
1874,466.07,0
1881,466.07,0
1889,466.07,0
1902,466.07,0
1912,466.07,0
1914,466.07,0
1920,466.07,0
1924,466.07,0
1925,466.07,0
1929,466.07,0
1939,466.07,0
1940,466.07,0
1941,466.07,0
1943,466.07,0
1949,466.07,0
1953,466.07,0
1956,466.07,0
1958,466.07,0
1960,466.07,0
1969,466.07,0
1971,466.07,0
1974,466.07,0
1977,466.07,0
1978,466.07,0
1979,466.07,0
1983,466.07,0
1986,466.07,0
1988,466.07,0
1994,466.07,0
1997,466.07,0
1998,466.07,0
1999,466.07,0
2001,466.07,0
2011,466.07,0
2013,466.07,0
2020,466.07,0
2030,466.07,0
2033,466.07,0
2038,466.07,0
2039,466.07,0
2041,466.07,0
2048,466.07,0
2051,466.07,0
2056,466.07,0
2059,466.07,0
2060,466.07,0
2070,466.07,0
2075,466.07,0
2077,466.07,0
2080,466.07,0
2083,466.07,0
2089,466.07,0
2091,466.07,0
2104,466.07,0
2108,466.07,0
2116,466.07,0
2127,466.07,0
2135,466.07,0
2137,466.07,0
2142,466.07,0
2146,466.07,0
2147,466.07,0
2148,466.07,0
2151,466.07,0
2153,466.07,0
2155,466.07,0
2160,466.07,0
2168,466.07,0
2171,466.07,0
2175,466.07,0
2176,466.07,0
2182,466.07,0
2187,466.07,0
2190,466.07,0
2192,466.07,0
2198,466.07,0
2210,466.07,0
2212,466.07,0
2213,466.07,0
2223,466.07,0
2234,466.07,0
2235,466.07,0
2239,466.07,0
2241,466.07,0
2251,466.07,0
2256,466.07,0
2271,466.07,0
2278,466.07,0
2279,466.07,0
2280,466.07,0
2283,466.07,0
2295,466.07,0
2297,466.07,0
2299,466.07,0
2303,466.07,0
2307,466.07,0
2311,466.07,0
2324,466.07,0
2325,466.07,0
2327,466.07,0
2332,466.07,0
2337,466.07,0
2338,466.07,0
2345,466.07,0
2351,466.07,0
2355,466.07,0
2356,466.07,0
2358,466.07,0
2363,466.07,0
2369,466.07,0
2374,466.07,0
2379,466.07,0
2389,466.07,0
2392,466.07,0
2395,466.07,0
2399,466.07,0
2403,466.07,0
2424,466.07,0
2432,466.07,0
2435,466.07,0
2437,466.07,0
2441,466.07,0
2444,466.07,0
2447,466.07,0
2448,466.07,0
2473,466.07,0
2475,466.07,0
2479,466.07,0
2480,466.07,0
2488,466.07,0
2496,466.07,0
2505,466.07,0
2507,466.07,0
2514,466.07,0
2517,466.07,0
2519,466.07,0
2528,466.07,0
2539,466.07,0
2542,466.07,0
2546,466.07,0
2547,466.07,0
2548,466.07,0
2549,466.07,0
2557,466.07,0
2560,466.07,0
2576,466.07,0
2577,466.07,0
2586,466.07,0
2590,466.07,0
2603,466.07,0
2606,466.07,0
2607,466.07,0
2610,466.07,0
2612,466.07,0
2619,466.07,0
2621,466.07,0
2624,466.07,0
2626,466.07,0
2654,466.07,0
2677,466.07,0
2689,466.07,0
2694,466.07,0
2696,466.07,0
2697,466.07,0
2699,466.07,0
2701,466.07,0
2703,466.07,0
2705,466.07,0
2710,466.07,0
2719,466.07,0
2723,466.07,0
2724,466.07,0
2728,466.07,0
2737,466.07,0
2743,466.07,0
2748,466.07,0
2752,466.07,0
2756,466.07,0
2757,466.07,0
2758,466.07,0
2772,466.07,0
2775,466.07,0
2779,466.07,0
2781,466.07,0
2794,466.07,0
2795,466.07,0
2809,466.07,0
2816,466.07,0
2818,466.07,0
2823,466.07,0
2829,466.07,0
2830,466.07,0
2834,466.07,0
2836,466.07,0
2861,466.07,0
2862,466.07,0
2876,466.07,0
2882,466.07,0
2888,466.07,0
2890,466.07,0
2891,466.07,0
2902,466.07,0
2904,466.07,0
2910,466.07,0
2912,466.07,0
2915,466.07,0
2923,466.07,0
2927,466.07,0
2931,466.07,0
2936,466.07,0
2938,466.07,0
2940,466.07,0
2948,466.07,0
2951,466.07,0
2953,466.07,0
2954,466.07,0
2974,466.07,0
2976,466.07,0
2979,466.07,0
2982,466.07,0
2988,466.07,0
2993,466.07,0
2995,466.07,0
3001,466.07,0
3003,466.07,0
3006,466.07,0
3009,466.07,0
3011,466.07,0
3015,466.07,0
3017,466.07,0
3019,466.07,0
3027,466.07,0
3032,466.07,0
3036,466.07,0
3039,466.07,0
3041,466.07,0
3042,466.07,0
3045,466.07,0
3049,466.07,0
3050,466.07,0
3055,466.07,0
3071,466.07,0
3076,466.07,0
3086,466.07,0
3093,466.07,0
3094,466.07,0
3096,466.07,0
3098,466.07,0
3099,466.07,0
3101,466.07,0
3105,466.07,0
3110,466.07,0
3115,466.07,0
3125,466.07,0
3130,466.07,0
3132,466.07,0
3133,466.07,0
3136,466.07,0
3150,466.07,0
3151,466.07,0
3153,466.07,0
3157,466.07,0
3165,466.07,0
3166,466.07,0
3169,466.07,0
3173,466.07,0
3176,466.07,0
3181,466.07,0
3185,466.07,0
3194,466.07,0
3196,466.07,0
3197,466.07,0
3207,466.07,0
3208,466.07,0
3216,466.07,0
3223,466.07,0
3227,466.07,0
3240,466.07,0
3247,466.07,0
3259,466.07,0
3279,466.07,0
3281,466.07,0
3282,466.07,0
3285,466.07,0
3288,466.07,0
3289,466.07,0
3295,466.07,0
3302,466.07,0
3305,466.07,0
3306,466.07,0
3309,466.07,0
3316,466.07,0
3326,466.07,0
3328,466.07,0
3334,466.07,0
3337,466.07,0
3343,466.07,0
3349,466.07,0
3351,466.07,0
3354,466.07,0
3361,466.07,0
3365,466.07,0
3375,466.07,0
3379,466.07,0
3390,466.07,0
3395,466.07,0
3404,466.07,0
3410,466.07,0
3411,466.07,0
3423,466.07,0
3425,466.07,0
3432,466.07,0
3439,466.07,0
3455,466.07,0
3456,466.07,0
3458,466.07,0
3460,466.07,0
3462,466.07,0
3475,466.07,0
3479,466.07,0
3482,466.07,0
3493,466.07,0
3494,466.07,0
3499,466.07,0
3501,466.07,0
3507,466.07,0
3511,466.07,0
3513,466.07,0
3531,466.07,0
3538,466.07,0
3539,466.07,0
3540,466.07,0
3541,466.07,0
3542,466.07,0
3548,466.07,0
3552,466.07,0
3561,466.07,0
3562,466.07,0
3564,466.07,0
3574,466.07,0
3575,466.07,0
3577,466.07,0
3589,466.07,0
3593,466.07,0
3596,466.07,0
3599,466.07,0
3604,466.07,0
3617,466.07,0
3624,466.07,0
3627,466.07,0
3628,466.07,0
3631,466.07,0
3635,466.07,0
3638,466.07,0
3640,466.07,0
3645,466.07,0
3682,466.07,0
3683,466.07,0
3685,466.07,0
3689,466.07,0
3693,466.07,0
3702,466.07,0
3705,466.07,0
3706,466.07,0
3708,466.07,0
3709,466.07,0
3711,466.07,0
3724,466.07,0
3728,466.07,0
3730,466.07,0
3731,466.07,0
3733,466.07,0
3740,466.07,0
3741,466.07,0
3744,466.07,0
3760,466.07,0
3765,466.07,0
3768,466.07,0
3773,466.07,0
3778,466.07,0
3785,466.07,0
3791,466.07,0
3804,466.07,0
3805,466.07,0
3807,466.07,0
3808,466.07,0
3812,466.07,0
3813,466.07,0
3816,466.07,0
3819,466.07,0
3834,466.07,0
3836,466.07,0
3837,466.07,0
3839,466.07,0
3842,466.07,0
3848,466.07,0
3854,466.07,0
3856,466.07,0
3858,466.07,0
3860,466.07,0
3863,466.07,0
3868,466.07,0
3888,466.07,0
3890,466.07,0
3892,466.07,0
3898,466.07,0
3906,466.07,0
3910,466.07,0
3915,466.07,0
3926,466.07,0
3928,466.07,0
3929,466.07,0
3932,466.07,0
3933,466.07,0
3937,466.07,0
3940,466.07,0
3946,466.07,0
3948,466.07,0
3963,466.07,0
3967,466.07,0
3970,466.07,0
3974,466.07,0
3982,466.07,0
3983,466.07,0
3986,466.07,0
3990,466.07,0
3991,466.07,0
4004,466.07,0
4009,466.07,0
4016,466.07,0
4021,466.07,0
4022,466.07,0
4024,466.07,0
4026,466.07,0
4028,466.07,0
4030,466.07,0
4033,466.07,0
4035,466.07,0
4038,466.07,0
4039,466.07,0
4040,466.07,0
4042,466.07,0
4046,466.07,0
4047,466.07,0
4051,466.07,0
4069,466.07,0
4073,466.07,0
4074,466.07,0
4076,466.07,0
4077,466.07,0
4080,466.07,0
4088,466.07,0
4094,466.07,0
4095,466.07,0
4100,466.07,0
4104,466.07,0
4106,466.07,0
4111,466.07,0
4142,466.07,0
4145,466.07,0
4148,466.07,0
4151,466.07,0
4153,466.07,0
4162,466.07,0
4171,466.07,0
4172,466.07,0
4184,466.07,0
4188,466.07,0
4190,466.07,0
4194,466.07,0
4196,466.07,0
4201,466.07,0
4216,466.07,0
4219,466.07,0
4231,466.07,0
4234,466.07,0
4238,466.07,0
4239,466.07,0
4259,466.07,0
4263,466.07,0
4267,466.07,0
4268,466.07,0
4271,466.07,0
4275,466.07,0
4296,466.07,0
4305,466.07,0
4310,466.07,0
4314,466.07,0
4318,466.07,0
4325,466.07,0
4330,466.07,0
4331,466.07,0
4332,466.07,0
4334,466.07,0
4341,466.07,0
4353,466.07,0
4354,466.07,0
4360,466.07,0
4363,466.07,0
4373,466.07,0
4378,466.07,0
4383,466.07,0
4384,466.07,0
4388,466.07,0
4405,466.07,0
4407,466.07,0
4414,466.07,0
4420,466.07,0
4421,466.07,0
4422,466.07,0
4424,466.07,0
4429,466.07,0
4430,466.07,0
4431,466.07,0
4433,466.07,0
4441,466.07,0
4442,466.07,0
4445,466.07,0
4448,466.07,0
4464,466.07,0
4470,466.07,0
4473,466.07,0
4475,466.07,0
4488,466.07,0
4491,466.07,0
4494,466.07,0
4495,466.07,0
4511,466.07,0
4518,466.07,0
4522,466.07,0
4529,466.07,0
4535,466.07,0
4542,466.07,0
4552,466.07,0
4563,466.07,0
4568,466.07,0
4574,466.07,0
4582,466.07,0
4592,466.07,0
4596,466.07,0
4598,466.07,0
4610,466.07,0
4613,466.07,0
4622,466.07,0
4634,466.07,0
4640,466.07,0
4647,466.07,0
4650,466.07,0
4658,466.07,0
4663,466.07,0
4673,466.07,0
4678,466.07,0
4683,466.07,0
4685,466.07,0
4686,466.07,0
4690,466.07,0
4694,466.07,0
4700,466.07,0
4703,466.07,0
4716,466.07,0
4717,466.07,0
4720,466.07,0
4725,466.07,0
4739,466.07,0
4751,466.07,0
4761,466.07,0
4781,466.07,0
4785,466.07,0
4786,466.07,0
4799,466.07,0
4802,466.07,0
4815,466.07,0
4816,466.07,0
4834,466.07,0
4844,466.07,0
4851,466.07,0
4864,466.07,0
4866,466.07,0
4868,466.07,0
4870,466.07,0
4875,466.07,0
4883,466.07,0
4890,466.07,0
4891,466.07,0
4892,466.07,0
4893,466.07,0
4909,466.07,0
4916,466.07,0
4919,466.07,0
4920,466.07,0
4921,466.07,0
4923,466.07,0
4938,466.07,0
4941,466.07,0
4949,466.07,0
4954,466.07,0
4956,466.07,0
4959,466.07,0
4965,466.07,0
4970,466.07,0
4975,466.07,0
4983,466.07,0
4990,466.07,0
4991,466.07,0
4992,466.07,0
4996,466.07,0
0,557.99,2
1,557.99,2
3,557.99,2
19,557.99,2
20,557.99,2
26,557.99,2
27,557.99,2
32,557.99,2
36,557.99,2
38,557.99,2
49,557.99,2
54,557.99,2
55,557.99,2
60,557.99,2
61,557.99,2
63,557.99,2
66,557.99,2
74,557.99,2
75,557.99,2
86,557.99,2
87,557.99,2
90,557.99,2
91,557.99,2
94,557.99,2
96,557.99,2
98,557.99,2
99,557.99,2
101,557.99,2
102,557.99,2
103,557.99,2
107,557.99,2
108,557.99,2
112,557.99,2
114,557.99,2
117,557.99,2
118,557.99,2
129,557.99,2
133,557.99,2
138,557.99,2
141,557.99,2
144,557.99,2
145,557.99,2
150,557.99,2
154,557.99,2
157,557.99,2
158,557.99,2
167,557.99,2
170,557.99,2
174,557.99,2
179,557.99,2
189,557.99,2
193,557.99,2
194,557.99,2
197,557.99,2
198,557.99,2
201,557.99,2
208,557.99,2
209,557.99,2
213,557.99,2
216,557.99,2
217,557.99,2
223,557.99,2
228,557.99,2
231,557.99,2
233,557.99,2
234,557.99,2
238,557.99,2
258,557.99,2
270,557.99,2
273,557.99,2
276,557.99,2
285,557.99,2
295,557.99,2
296,557.99,2
298,557.99,2
299,557.99,2
300,557.99,2
308,557.99,2
310,557.99,2
332,557.99,2
334,557.99,2
335,557.99,2
336,557.99,2
355,557.99,2
358,557.99,2
362,557.99,2
367,557.99,2
369,557.99,2
379,557.99,2
383,557.99,2
385,557.99,2
391,557.99,2
400,557.99,2
405,557.99,2
409,557.99,2
412,557.99,2
417,557.99,2
421,557.99,2
444,557.99,2
446,557.99,2
447,557.99,2
448,557.99,2
451,557.99,2
452,557.99,2
454,557.99,2
459,557.99,2
468,557.99,2
470,557.99,2
474,557.99,2
475,557.99,2
476,557.99,2
487,557.99,2
499,557.99,2
508,557.99,2
519,557.99,2
523,557.99,2
524,557.99,2
533,557.99,2
537,557.99,2
538,557.99,2
542,557.99,2
545,557.99,2
546,557.99,2
547,557.99,2
550,557.99,2
551,557.99,2
561,557.99,2
566,557.99,2
567,557.99,2
573,557.99,2
590,557.99,2
593,557.99,2
595,557.99,2
600,557.99,2
601,557.99,2
602,557.99,2
612,557.99,2
620,557.99,2
621,557.99,2
622,557.99,2
634,557.99,2
636,557.99,2
640,557.99,2
646,557.99,2
649,557.99,2
656,557.99,2
659,557.99,2
663,557.99,2
665,557.99,2
670,557.99,2
673,557.99,2
676,557.99,2
677,557.99,2
678,557.99,2
685,557.99,2
688,557.99,2
691,557.99,2
696,557.99,2
700,557.99,2
708,557.99,2
709,557.99,2
719,557.99,2
723,557.99,2
727,557.99,2
731,557.99,2
738,557.99,2
744,557.99,2
745,557.99,2
751,557.99,2
755,557.99,2
761,557.99,2
762,557.99,2
765,557.99,2
768,557.99,2
774,557.99,2
776,557.99,2
780,557.99,2
782,557.99,2
784,557.99,2
785,557.99,2
787,557.99,2
797,557.99,2
806,557.99,2
808,557.99,2
812,557.99,2
813,557.99,2
814,557.99,2
839,557.99,2
848,557.99,2
850,557.99,2
866,557.99,2
872,557.99,2
873,557.99,2
877,557.99,2
880,557.99,2
883,557.99,2
889,557.99,2
894,557.99,2
895,557.99,2
899,557.99,2
901,557.99,2
904,557.99,2
911,557.99,2
918,557.99,2
920,557.99,2
922,557.99,2
923,557.99,2
928,557.99,2
931,557.99,2
938,557.99,2
947,557.99,2
950,557.99,2
960,557.99,2
966,557.99,2
970,557.99,2
973,557.99,2
974,557.99,2
977,557.99,2
981,557.99,2
986,557.99,2
996,557.99,2
999,557.99,2
1003,557.99,2
1007,557.99,2
1009,557.99,2
1014,557.99,2
1016,557.99,2
1020,557.99,2
1023,557.99,2
1034,557.99,2
1039,557.99,2
1046,557.99,2
1048,557.99,2
1056,557.99,2
1057,557.99,2
1061,557.99,2
1065,557.99,2
1076,557.99,2
1087,557.99,2
1094,557.99,2
1097,557.99,2
1099,557.99,2
1101,557.99,2
1111,557.99,2
1112,557.99,2
1118,557.99,2
1121,557.99,2
1122,557.99,2
1136,557.99,2
1143,557.99,2
1148,557.99,2
1150,557.99,2
1151,557.99,2
1160,557.99,2
1165,557.99,2
1181,557.99,2
1186,557.99,2
1187,557.99,2
1188,557.99,2
1192,557.99,2
1196,557.99,2
1204,557.99,2
1211,557.99,2
1212,557.99,2
1221,557.99,2
1222,557.99,2
1230,557.99,2
1241,557.99,2
1245,557.99,2
1248,557.99,2
1249,557.99,2
1254,557.99,2
1259,557.99,2
1261,557.99,2
1262,557.99,2
1265,557.99,2
1270,557.99,2
1276,557.99,2
1280,557.99,2
1281,557.99,2
1282,557.99,2
1291,557.99,2
1300,557.99,2
1303,557.99,2
1304,557.99,2
1307,557.99,2
1308,557.99,2
1312,557.99,2
1320,557.99,2
1321,557.99,2
1324,557.99,2
1337,557.99,2
1346,557.99,2
1347,557.99,2
1348,557.99,2
1349,557.99,2
1353,557.99,2
1355,557.99,2
1360,557.99,2
1361,557.99,2
1370,557.99,2
1372,557.99,2
1379,557.99,2
1383,557.99,2
1386,557.99,2
1387,557.99,2
1389,557.99,2
1393,557.99,2
1394,557.99,2
1395,557.99,2
1410,557.99,2
1416,557.99,2
1420,557.99,2
1423,557.99,2
1427,557.99,2
1428,557.99,2
1431,557.99,2
1434,557.99,2
1440,557.99,2
1443,557.99,2
1445,557.99,2
1456,557.99,2
1460,557.99,2
1462,557.99,2
1463,557.99,2
1464,557.99,2
1465,557.99,2
1467,557.99,2
1479,557.99,2
1483,557.99,2
1488,557.99,2
1495,557.99,2
1498,557.99,2
1499,557.99,2
1506,557.99,2
1514,557.99,2
1515,557.99,2
1522,557.99,2
1523,557.99,2
1524,557.99,2
1533,557.99,2
1540,557.99,2
1562,557.99,2
1563,557.99,2
1565,557.99,2
1566,557.99,2
1572,557.99,2
1588,557.99,2
1593,557.99,2
1595,557.99,2
1598,557.99,2
1604,557.99,2
1607,557.99,2
1609,557.99,2
1610,557.99,2
1617,557.99,2
1618,557.99,2
1638,557.99,2
1648,557.99,2
1652,557.99,2
1656,557.99,2
1657,557.99,2
1663,557.99,2
1666,557.99,2
1673,557.99,2
1678,557.99,2
1683,557.99,2
1684,557.99,2
1689,557.99,2
1691,557.99,2
1692,557.99,2
1693,557.99,2
1696,557.99,2
1704,557.99,2
1709,557.99,2
1712,557.99,2
1716,557.99,2
1718,557.99,2
1721,557.99,2
1725,557.99,2
1727,557.99,2
1742,557.99,2
1759,557.99,2
1763,557.99,2
1797,557.99,2
1799,557.99,2
1807,557.99,2
1808,557.99,2
1810,557.99,2
1812,557.99,2
1818,557.99,2
1821,557.99,2
1823,557.99,2
1825,557.99,2
1846,557.99,2
1847,557.99,2
1867,557.99,2
1869,557.99,2
1873,557.99,2
1876,557.99,2
1882,557.99,2
1883,557.99,2
1887,557.99,2
1894,557.99,2
1899,557.99,2
1900,557.99,2
1907,557.99,2
1908,557.99,2
1910,557.99,2
1913,557.99,2
1917,557.99,2
1923,557.99,2
1927,557.99,2
1928,557.99,2
1930,557.99,2
1933,557.99,2
1944,557.99,2
1950,557.99,2
1954,557.99,2
1955,557.99,2
1961,557.99,2
1962,557.99,2
1991,557.99,2
1992,557.99,2
1995,557.99,2
2003,557.99,2
2005,557.99,2
2015,557.99,2
2016,557.99,2
2027,557.99,2
2028,557.99,2
2029,557.99,2
2031,557.99,2
2036,557.99,2
2043,557.99,2
2052,557.99,2
2057,557.99,2
2067,557.99,2
2069,557.99,2
2074,557.99,2
2087,557.99,2
2088,557.99,2
2095,557.99,2
2100,557.99,2
2103,557.99,2
2114,557.99,2
2117,557.99,2
2118,557.99,2
2122,557.99,2
2129,557.99,2
2131,557.99,2
2133,557.99,2
2140,557.99,2
2143,557.99,2
2156,557.99,2
2158,557.99,2
2167,557.99,2
2174,557.99,2
2179,557.99,2
2183,557.99,2
2188,557.99,2
2197,557.99,2
2207,557.99,2
2222,557.99,2
2227,557.99,2
2250,557.99,2
2258,557.99,2
2261,557.99,2
2262,557.99,2
2269,557.99,2
2272,557.99,2
2274,557.99,2
2275,557.99,2
2276,557.99,2
2277,557.99,2
2284,557.99,2
2285,557.99,2
2288,557.99,2
2291,557.99,2
2298,557.99,2
2304,557.99,2
2305,557.99,2
2306,557.99,2
2317,557.99,2
2320,557.99,2
2330,557.99,2
2336,557.99,2
2339,557.99,2
2349,557.99,2
2350,557.99,2
2352,557.99,2
2353,557.99,2
2354,557.99,2
2362,557.99,2
2365,557.99,2
2366,557.99,2
2371,557.99,2
2375,557.99,2
2376,557.99,2
2378,557.99,2
2384,557.99,2
2388,557.99,2
2398,557.99,2
2401,557.99,2
2412,557.99,2
2415,557.99,2
2419,557.99,2
2421,557.99,2
2422,557.99,2
2423,557.99,2
2425,557.99,2
2426,557.99,2
2427,557.99,2
2440,557.99,2
2451,557.99,2
2453,557.99,2
2454,557.99,2
2455,557.99,2
2461,557.99,2
2462,557.99,2
2465,557.99,2
2474,557.99,2
2477,557.99,2
2484,557.99,2
2486,557.99,2
2489,557.99,2
2491,557.99,2
2497,557.99,2
2498,557.99,2
2501,557.99,2
2502,557.99,2
2509,557.99,2
2511,557.99,2
2513,557.99,2
2515,557.99,2
2522,557.99,2
2525,557.99,2
2534,557.99,2
2538,557.99,2
2550,557.99,2
2551,557.99,2
2552,557.99,2
2553,557.99,2
2555,557.99,2
2565,557.99,2
2567,557.99,2
2570,557.99,2
2575,557.99,2
2583,557.99,2
2585,557.99,2
2588,557.99,2
2592,557.99,2
2594,557.99,2
2600,557.99,2
2604,557.99,2
2605,557.99,2
2609,557.99,2
2611,557.99,2
2613,557.99,2
2614,557.99,2
2616,557.99,2
2618,557.99,2
2628,557.99,2
2631,557.99,2
2638,557.99,2
2644,557.99,2
2648,557.99,2
2658,557.99,2
2668,557.99,2
2669,557.99,2
2672,557.99,2
2683,557.99,2
2687,557.99,2
2688,557.99,2
2695,557.99,2
2700,557.99,2
2713,557.99,2
2718,557.99,2
2720,557.99,2
2729,557.99,2
2732,557.99,2
2735,557.99,2
2746,557.99,2
2747,557.99,2
2749,557.99,2
2760,557.99,2
2761,557.99,2
2762,557.99,2
2766,557.99,2
2769,557.99,2
2778,557.99,2
2780,557.99,2
2782,557.99,2
2787,557.99,2
2791,557.99,2
2798,557.99,2
2801,557.99,2
2802,557.99,2
2804,557.99,2
2807,557.99,2
2810,557.99,2
2821,557.99,2
2827,557.99,2
2838,557.99,2
2841,557.99,2
2843,557.99,2
2844,557.99,2
2846,557.99,2
2850,557.99,2
2852,557.99,2
2853,557.99,2
2854,557.99,2
2859,557.99,2
2863,557.99,2
2864,557.99,2
2865,557.99,2
2869,557.99,2
2871,557.99,2
2884,557.99,2
2885,557.99,2
2895,557.99,2
2903,557.99,2
2914,557.99,2
2916,557.99,2
2919,557.99,2
2926,557.99,2
2930,557.99,2
2939,557.99,2
2943,557.99,2
2945,557.99,2
2949,557.99,2
2958,557.99,2
2959,557.99,2
2961,557.99,2
2970,557.99,2
2971,557.99,2
2980,557.99,2
2983,557.99,2
2994,557.99,2
2998,557.99,2
3020,557.99,2
3022,557.99,2
3023,557.99,2
3028,557.99,2
3035,557.99,2
3037,557.99,2
3038,557.99,2
3053,557.99,2
3056,557.99,2
3059,557.99,2
3060,557.99,2
3073,557.99,2
3080,557.99,2
3081,557.99,2
3082,557.99,2
3084,557.99,2
3088,557.99,2
3089,557.99,2
3092,557.99,2
3102,557.99,2
3104,557.99,2
3109,557.99,2
3117,557.99,2
3120,557.99,2
3124,557.99,2
3134,557.99,2
3137,557.99,2
3144,557.99,2
3156,557.99,2
3160,557.99,2
3164,557.99,2
3168,557.99,2
3170,557.99,2
3172,557.99,2
3180,557.99,2
3182,557.99,2
3199,557.99,2
3205,557.99,2
3209,557.99,2
3215,557.99,2
3224,557.99,2
3237,557.99,2
3243,557.99,2
3245,557.99,2
3251,557.99,2
3254,557.99,2
3268,557.99,2
3273,557.99,2
3274,557.99,2
3275,557.99,2
3276,557.99,2
3283,557.99,2
3290,557.99,2
3297,557.99,2
3311,557.99,2
3314,557.99,2
3319,557.99,2
3320,557.99,2
3322,557.99,2
3327,557.99,2
3330,557.99,2
3335,557.99,2
3336,557.99,2
3348,557.99,2
3355,557.99,2
3358,557.99,2
3359,557.99,2
3366,557.99,2
3371,557.99,2
3373,557.99,2
3374,557.99,2
3378,557.99,2
3381,557.99,2
3382,557.99,2
3384,557.99,2
3389,557.99,2
3391,557.99,2
3392,557.99,2
3401,557.99,2
3407,557.99,2
3408,557.99,2
3409,557.99,2
3414,557.99,2
3419,557.99,2
3420,557.99,2
3421,557.99,2
3424,557.99,2
3427,557.99,2
3428,557.99,2
3430,557.99,2
3435,557.99,2
3443,557.99,2
3447,557.99,2
3465,557.99,2
3470,557.99,2
3474,557.99,2
3476,557.99,2
3477,557.99,2
3481,557.99,2
3483,557.99,2
3496,557.99,2
3497,557.99,2
3498,557.99,2
3502,557.99,2
3503,557.99,2
3514,557.99,2
3516,557.99,2
3529,557.99,2
3536,557.99,2
3556,557.99,2
3563,557.99,2
3567,557.99,2
3568,557.99,2
3571,557.99,2
3572,557.99,2
3573,557.99,2
3580,557.99,2
3581,557.99,2
3587,557.99,2
3592,557.99,2
3602,557.99,2
3605,557.99,2
3610,557.99,2
3615,557.99,2
3622,557.99,2
3623,557.99,2
3625,557.99,2
3633,557.99,2
3637,557.99,2
3647,557.99,2
3648,557.99,2
3649,557.99,2
3650,557.99,2
3655,557.99,2
3665,557.99,2
3672,557.99,2
3674,557.99,2
3676,557.99,2
3678,557.99,2
3679,557.99,2
3687,557.99,2
3694,557.99,2
3698,557.99,2
3700,557.99,2
3717,557.99,2
3722,557.99,2
3729,557.99,2
3737,557.99,2
3742,557.99,2
3743,557.99,2
3745,557.99,2
3748,557.99,2
3752,557.99,2
3753,557.99,2
3754,557.99,2
3756,557.99,2
3763,557.99,2
3764,557.99,2
3766,557.99,2
3767,557.99,2
3769,557.99,2
3772,557.99,2
3775,557.99,2
3777,557.99,2
3781,557.99,2
3783,557.99,2
3787,557.99,2
3788,557.99,2
3792,557.99,2
3796,557.99,2
3798,557.99,2
3801,557.99,2
3802,557.99,2
3803,557.99,2
3814,557.99,2
3815,557.99,2
3817,557.99,2
3822,557.99,2
3824,557.99,2
3825,557.99,2
3830,557.99,2
3835,557.99,2
3845,557.99,2
3846,557.99,2
3851,557.99,2
3852,557.99,2
3853,557.99,2
3855,557.99,2
3857,557.99,2
3872,557.99,2
3876,557.99,2
3881,557.99,2
3882,557.99,2
3887,557.99,2
3889,557.99,2
3893,557.99,2
3894,557.99,2
3905,557.99,2
3908,557.99,2
3912,557.99,2
3920,557.99,2
3923,557.99,2
3934,557.99,2
3942,557.99,2
3954,557.99,2
3956,557.99,2
3960,557.99,2
3971,557.99,2
3976,557.99,2
3985,557.99,2
3993,557.99,2
3994,557.99,2
3999,557.99,2
4005,557.99,2
4007,557.99,2
4012,557.99,2
4014,557.99,2
4029,557.99,2
4031,557.99,2
4032,557.99,2
4043,557.99,2
4049,557.99,2
4053,557.99,2
4055,557.99,2
4057,557.99,2
4060,557.99,2
4061,557.99,2
4065,557.99,2
4071,557.99,2
4075,557.99,2
4079,557.99,2
4084,557.99,2
4098,557.99,2
4101,557.99,2
4107,557.99,2
4109,557.99,2
4116,557.99,2
4122,557.99,2
4133,557.99,2
4137,557.99,2
4139,557.99,2
4140,557.99,2
4141,557.99,2
4155,557.99,2
4168,557.99,2
4170,557.99,2
4175,557.99,2
4179,557.99,2
4191,557.99,2
4192,557.99,2
4197,557.99,2
4203,557.99,2
4204,557.99,2
4206,557.99,2
4217,557.99,2
4218,557.99,2
4224,557.99,2
4237,557.99,2
4240,557.99,2
4245,557.99,2
4250,557.99,2
4254,557.99,2
4264,557.99,2
4265,557.99,2
4266,557.99,2
4269,557.99,2
4272,557.99,2
4279,557.99,2
4280,557.99,2
4292,557.99,2
4295,557.99,2
4304,557.99,2
4308,557.99,2
4311,557.99,2
4312,557.99,2
4317,557.99,2
4323,557.99,2
4326,557.99,2
4328,557.99,2
4329,557.99,2
4337,557.99,2
4340,557.99,2
4345,557.99,2
4347,557.99,2
4349,557.99,2
4355,557.99,2
4357,557.99,2
4365,557.99,2
4366,557.99,2
4377,557.99,2
4386,557.99,2
4399,557.99,2
4400,557.99,2
4404,557.99,2
4406,557.99,2
4409,557.99,2
4425,557.99,2
4426,557.99,2
4427,557.99,2
4434,557.99,2
4450,557.99,2
4454,557.99,2
4458,557.99,2
4461,557.99,2
4462,557.99,2
4466,557.99,2
4468,557.99,2
4472,557.99,2
4474,557.99,2
4478,557.99,2
4497,557.99,2
4500,557.99,2
4503,557.99,2
4507,557.99,2
4509,557.99,2
4510,557.99,2
4512,557.99,2
4513,557.99,2
4514,557.99,2
4515,557.99,2
4521,557.99,2
4524,557.99,2
4525,557.99,2
4528,557.99,2
4534,557.99,2
4540,557.99,2
4544,557.99,2
4548,557.99,2
4561,557.99,2
4562,557.99,2
4565,557.99,2
4570,557.99,2
4571,557.99,2
4573,557.99,2
4576,557.99,2
4578,557.99,2
4585,557.99,2
4586,557.99,2
4587,557.99,2
4591,557.99,2
4597,557.99,2
4601,557.99,2
4608,557.99,2
4625,557.99,2
4629,557.99,2
4630,557.99,2
4636,557.99,2
4639,557.99,2
4643,557.99,2
4653,557.99,2
4656,557.99,2
4660,557.99,2
4664,557.99,2
4681,557.99,2
4684,557.99,2
4688,557.99,2
4695,557.99,2
4698,557.99,2
4704,557.99,2
4706,557.99,2
4707,557.99,2
4710,557.99,2
4727,557.99,2
4732,557.99,2
4733,557.99,2
4734,557.99,2
4736,557.99,2
4737,557.99,2
4741,557.99,2
4744,557.99,2
4745,557.99,2
4749,557.99,2
4753,557.99,2
4754,557.99,2
4757,557.99,2
4758,557.99,2
4760,557.99,2
4765,557.99,2
4766,557.99,2
4771,557.99,2
4774,557.99,2
4782,557.99,2
4787,557.99,2
4792,557.99,2
4794,557.99,2
4798,557.99,2
4801,557.99,2
4807,557.99,2
4808,557.99,2
4809,557.99,2
4812,557.99,2
4819,557.99,2
4822,557.99,2
4824,557.99,2
4825,557.99,2
4826,557.99,2
4830,557.99,2
4832,557.99,2
4833,557.99,2
4840,557.99,2
4842,557.99,2
4843,557.99,2
4847,557.99,2
4853,557.99,2
4858,557.99,2
4859,557.99,2
4872,557.99,2
4874,557.99,2
4880,557.99,2
4886,557.99,2
4888,557.99,2
4901,557.99,2
4903,557.99,2
4905,557.99,2
4910,557.99,2
4911,557.99,2
4913,557.99,2
4914,557.99,2
4917,557.99,2
4922,557.99,2
4925,557.99,2
4934,557.99,2
4936,557.99,2
4942,557.99,2
4948,557.99,2
4950,557.99,2
4957,557.99,2
4958,557.99,2
4967,557.99,2
4974,557.99,2
4977,557.99,2
4979,557.99,2
4981,557.99,2
4994,557.99,2
4995,557.99,2
16,559.09,2
43,559.09,2
79,559.09,2
283,559.09,2
363,559.09,2
399,559.09,2
606,559.09,2
667,559.09,2
682,559.09,2
734,559.09,2
773,559.09,2
825,559.09,2
843,559.09,2
945,559.09,2
1024,559.09,2
1032,559.09,2
1063,559.09,2
1081,559.09,2
1130,559.09,2
1134,559.09,2
1154,559.09,2
1155,559.09,2
1246,559.09,2
1295,559.09,2
1336,559.09,2
1342,559.09,2
1557,559.09,2
1569,559.09,2
1768,559.09,2
1804,559.09,2
1856,559.09,2
1857,559.09,2
1951,559.09,2
2215,559.09,2
2232,559.09,2
2252,559.09,2
2312,559.09,2
2558,559.09,2
2660,559.09,2
3040,559.09,2
3177,559.09,2
3244,559.09,2
3264,559.09,2
3310,559.09,2
3341,559.09,2
3377,559.09,2
3527,559.09,2
3594,559.09,2
3703,559.09,2
3891,559.09,2
3972,559.09,2
4067,559.09,2
4083,559.09,2
4156,559.09,2
4287,559.09,2
4633,559.09,2
4659,559.09,2
4687,559.09,2
4728,559.09,2
4750,559.09,2
4988,559.09,2
4,571.55,3
7,571.55,3
12,571.55,3
21,571.55,3
23,571.55,3
41,571.55,3
44,571.55,3
48,571.55,3
51,571.55,3
69,571.55,3
81,571.55,3
92,571.55,3
97,571.55,3
109,571.55,3
122,571.55,3
130,571.55,3
137,571.55,3
149,571.55,3
155,571.55,3
162,571.55,3
163,571.55,3
165,571.55,3
171,571.55,3
172,571.55,3
180,571.55,3
181,571.55,3
185,571.55,3
187,571.55,3
203,571.55,3
204,571.55,3
206,571.55,3
207,571.55,3
210,571.55,3
211,571.55,3
214,571.55,3
218,571.55,3
230,571.55,3
235,571.55,3
236,571.55,3
239,571.55,3
246,571.55,3
248,571.55,3
249,571.55,3
250,571.55,3
251,571.55,3
253,571.55,3
254,571.55,3
255,571.55,3
259,571.55,3
262,571.55,3
264,571.55,3
266,571.55,3
284,571.55,3
289,571.55,3
290,571.55,3
301,571.55,3
304,571.55,3
305,571.55,3
313,571.55,3
314,571.55,3
317,571.55,3
321,571.55,3
323,571.55,3
327,571.55,3
337,571.55,3
350,571.55,3
361,571.55,3
365,571.55,3
368,571.55,3
371,571.55,3
373,571.55,3
376,571.55,3
380,571.55,3
387,571.55,3
389,571.55,3
396,571.55,3
403,571.55,3
411,571.55,3
415,571.55,3
418,571.55,3
422,571.55,3
424,571.55,3
427,571.55,3
429,571.55,3
431,571.55,3
435,571.55,3
437,571.55,3
440,571.55,3
461,571.55,3
464,571.55,3
466,571.55,3
467,571.55,3
469,571.55,3
482,571.55,3
483,571.55,3
488,571.55,3
491,571.55,3
492,571.55,3
494,571.55,3
495,571.55,3
497,571.55,3
500,571.55,3
501,571.55,3
502,571.55,3
504,571.55,3
506,571.55,3
512,571.55,3
516,571.55,3
526,571.55,3
536,571.55,3
539,571.55,3
558,571.55,3
560,571.55,3
564,571.55,3
568,571.55,3
569,571.55,3
570,571.55,3
574,571.55,3
576,571.55,3
578,571.55,3
583,571.55,3
588,571.55,3
591,571.55,3
592,571.55,3
597,571.55,3
608,571.55,3
611,571.55,3
619,571.55,3
624,571.55,3
626,571.55,3
631,571.55,3
633,571.55,3
643,571.55,3
644,571.55,3
651,571.55,3
654,571.55,3
657,571.55,3
666,571.55,3
672,571.55,3
681,571.55,3
684,571.55,3
689,571.55,3
694,571.55,3
695,571.55,3
701,571.55,3
702,571.55,3
713,571.55,3
714,571.55,3
716,571.55,3
722,571.55,3
724,571.55,3
732,571.55,3
735,571.55,3
736,571.55,3
741,571.55,3
747,571.55,3
750,571.55,3
767,571.55,3
772,571.55,3
775,571.55,3
777,571.55,3
786,571.55,3
793,571.55,3
795,571.55,3
796,571.55,3
799,571.55,3
800,571.55,3
810,571.55,3
811,571.55,3
815,571.55,3
822,571.55,3
828,571.55,3
832,571.55,3
836,571.55,3
837,571.55,3
838,571.55,3
840,571.55,3
851,571.55,3
852,571.55,3
854,571.55,3
855,571.55,3
857,571.55,3
862,571.55,3
863,571.55,3
864,571.55,3
865,571.55,3
867,571.55,3
890,571.55,3
891,571.55,3
893,571.55,3
896,571.55,3
902,571.55,3
907,571.55,3
921,571.55,3
926,571.55,3
934,571.55,3
937,571.55,3
941,571.55,3
942,571.55,3
943,571.55,3
952,571.55,3
954,571.55,3
958,571.55,3
962,571.55,3
963,571.55,3
968,571.55,3
976,571.55,3
982,571.55,3
985,571.55,3
987,571.55,3
992,571.55,3
994,571.55,3
995,571.55,3
998,571.55,3
1001,571.55,3
1015,571.55,3
1019,571.55,3
1021,571.55,3
1026,571.55,3
1031,571.55,3
1035,571.55,3
1038,571.55,3
1041,571.55,3
1045,571.55,3
1049,571.55,3
1051,571.55,3
1055,571.55,3
1058,571.55,3
1059,571.55,3
1060,571.55,3
1062,571.55,3
1068,571.55,3
1069,571.55,3
1070,571.55,3
1075,571.55,3
1083,571.55,3
1088,571.55,3
1093,571.55,3
1095,571.55,3
1100,571.55,3
1102,571.55,3
1109,571.55,3
1113,571.55,3
1117,571.55,3
1128,571.55,3
1135,571.55,3
1144,571.55,3
1145,571.55,3
1149,571.55,3
1152,571.55,3
1153,571.55,3
1157,571.55,3
1158,571.55,3
1167,571.55,3
1171,571.55,3
1174,571.55,3
1177,571.55,3
1179,571.55,3
1180,571.55,3
1193,571.55,3
1194,571.55,3
1195,571.55,3
1197,571.55,3
1199,571.55,3
1205,571.55,3
1207,571.55,3
1214,571.55,3
1220,571.55,3
1223,571.55,3
1235,571.55,3
1238,571.55,3
1239,571.55,3
1247,571.55,3
1255,571.55,3
1256,571.55,3
1258,571.55,3
1263,571.55,3
1269,571.55,3
1278,571.55,3
1279,571.55,3
1286,571.55,3
1292,571.55,3
1293,571.55,3
1294,571.55,3
1298,571.55,3
1301,571.55,3
1302,571.55,3
1305,571.55,3
1309,571.55,3
1311,571.55,3
1314,571.55,3
1325,571.55,3
1328,571.55,3
1329,571.55,3
1335,571.55,3
1341,571.55,3
1344,571.55,3
1351,571.55,3
1357,571.55,3
1363,571.55,3
1366,571.55,3
1371,571.55,3
1373,571.55,3
1375,571.55,3
1380,571.55,3
1382,571.55,3
1385,571.55,3
1397,571.55,3
1421,571.55,3
1422,571.55,3
1425,571.55,3
1429,571.55,3
1432,571.55,3
1433,571.55,3
1449,571.55,3
1452,571.55,3
1459,571.55,3
1473,571.55,3
1480,571.55,3
1481,571.55,3
1497,571.55,3
1501,571.55,3
1504,571.55,3
1507,571.55,3
1509,571.55,3
1511,571.55,3
1512,571.55,3
1520,571.55,3
1529,571.55,3
1530,571.55,3
1532,571.55,3
1534,571.55,3
1535,571.55,3
1537,571.55,3
1544,571.55,3
1545,571.55,3
1550,571.55,3
1554,571.55,3
1559,571.55,3
1561,571.55,3
1564,571.55,3
1570,571.55,3
1585,571.55,3
1587,571.55,3
1591,571.55,3
1596,571.55,3
1599,571.55,3
1601,571.55,3
1605,571.55,3
1612,571.55,3
1615,571.55,3
1624,571.55,3
1631,571.55,3
1632,571.55,3
1635,571.55,3
1637,571.55,3
1641,571.55,3
1642,571.55,3
1643,571.55,3
1645,571.55,3
1653,571.55,3
1658,571.55,3
1662,571.55,3
1664,571.55,3
1668,571.55,3
1671,571.55,3
1680,571.55,3
1682,571.55,3
1686,571.55,3
1694,571.55,3
1697,571.55,3
1698,571.55,3
1703,571.55,3
1706,571.55,3
1733,571.55,3
1734,571.55,3
1735,571.55,3
1736,571.55,3
1738,571.55,3
1744,571.55,3
1745,571.55,3
1752,571.55,3
1756,571.55,3
1757,571.55,3
1758,571.55,3
1761,571.55,3
1766,571.55,3
1767,571.55,3
1772,571.55,3
1777,571.55,3
1783,571.55,3
1785,571.55,3
1793,571.55,3
1794,571.55,3
1796,571.55,3
1800,571.55,3
1802,571.55,3
1805,571.55,3
1806,571.55,3
1816,571.55,3
1817,571.55,3
1824,571.55,3
1829,571.55,3
1830,571.55,3
1831,571.55,3
1832,571.55,3
1837,571.55,3
1838,571.55,3
1840,571.55,3
1842,571.55,3
1852,571.55,3
1854,571.55,3
1858,571.55,3
1861,571.55,3
1862,571.55,3
1863,571.55,3
1866,571.55,3
1877,571.55,3
1880,571.55,3
1888,571.55,3
1895,571.55,3
1896,571.55,3
1904,571.55,3
1906,571.55,3
1909,571.55,3
1922,571.55,3
1934,571.55,3
1935,571.55,3
1937,571.55,3
1942,571.55,3
1948,571.55,3
1952,571.55,3
1968,571.55,3
1980,571.55,3
1982,571.55,3
1984,571.55,3
1987,571.55,3
1989,571.55,3
1990,571.55,3
1993,571.55,3
2000,571.55,3
2002,571.55,3
2004,571.55,3
2006,571.55,3
2012,571.55,3
2022,571.55,3
2025,571.55,3
2026,571.55,3
2032,571.55,3
2037,571.55,3
2040,571.55,3
2045,571.55,3
2049,571.55,3
2050,571.55,3
2058,571.55,3
2064,571.55,3
2065,571.55,3
2068,571.55,3
2071,571.55,3
2072,571.55,3
2073,571.55,3
2076,571.55,3
2079,571.55,3
2081,571.55,3
2085,571.55,3
2090,571.55,3
2093,571.55,3
2097,571.55,3
2098,571.55,3
2101,571.55,3
2102,571.55,3
2107,571.55,3
2110,571.55,3
2111,571.55,3
2115,571.55,3
2121,571.55,3
2123,571.55,3
2124,571.55,3
2126,571.55,3
2128,571.55,3
2132,571.55,3
2149,571.55,3
2150,571.55,3
2152,571.55,3
2159,571.55,3
2162,571.55,3
2163,571.55,3
2172,571.55,3
2177,571.55,3
2185,571.55,3
2186,571.55,3
2193,571.55,3
2200,571.55,3
2202,571.55,3
2204,571.55,3
2208,571.55,3
2209,571.55,3
2214,571.55,3
2219,571.55,3
2228,571.55,3
2237,571.55,3
2243,571.55,3
2245,571.55,3
2246,571.55,3
2247,571.55,3
2249,571.55,3
2257,571.55,3
2259,571.55,3
2260,571.55,3
2266,571.55,3
2267,571.55,3
2268,571.55,3
2270,571.55,3
2290,571.55,3
2294,571.55,3
2301,571.55,3
2302,571.55,3
2310,571.55,3
2313,571.55,3
2315,571.55,3
2316,571.55,3
2323,571.55,3
2329,571.55,3
2334,571.55,3
2340,571.55,3
2344,571.55,3
2346,571.55,3
2357,571.55,3
2372,571.55,3
2373,571.55,3
2377,571.55,3
2381,571.55,3
2382,571.55,3
2387,571.55,3
2397,571.55,3
2400,571.55,3
2410,571.55,3
2411,571.55,3
2413,571.55,3
2429,571.55,3
2430,571.55,3
2431,571.55,3
2434,571.55,3
2438,571.55,3
2439,571.55,3
2445,571.55,3
2449,571.55,3
2456,571.55,3
2458,571.55,3
2463,571.55,3
2466,571.55,3
2467,571.55,3
2468,571.55,3
2478,571.55,3
2481,571.55,3
2492,571.55,3
2499,571.55,3
2510,571.55,3
2512,571.55,3
2518,571.55,3
2521,571.55,3
2524,571.55,3
2527,571.55,3
2531,571.55,3
2541,571.55,3
2543,571.55,3
2556,571.55,3
2561,571.55,3
2562,571.55,3
2564,571.55,3
2568,571.55,3
2572,571.55,3
2573,571.55,3
2574,571.55,3
2578,571.55,3
2579,571.55,3
2580,571.55,3
2597,571.55,3
2615,571.55,3
2620,571.55,3
2625,571.55,3
2627,571.55,3
2630,571.55,3
2632,571.55,3
2634,571.55,3
2636,571.55,3
2640,571.55,3
2641,571.55,3
2645,571.55,3
2651,571.55,3
2652,571.55,3
2653,571.55,3
2656,571.55,3
2659,571.55,3
2664,571.55,3
2665,571.55,3
2666,571.55,3
2667,571.55,3
2670,571.55,3
2675,571.55,3
2676,571.55,3
2680,571.55,3
2681,571.55,3
2682,571.55,3
2690,571.55,3
2691,571.55,3
2698,571.55,3
2704,571.55,3
2707,571.55,3
2708,571.55,3
2712,571.55,3
2714,571.55,3
2717,571.55,3
2721,571.55,3
2722,571.55,3
2731,571.55,3
2736,571.55,3
2740,571.55,3
2750,571.55,3
2755,571.55,3
2765,571.55,3
2773,571.55,3
2774,571.55,3
2776,571.55,3
2785,571.55,3
2786,571.55,3
2796,571.55,3
2797,571.55,3
2800,571.55,3
2803,571.55,3
2811,571.55,3
2813,571.55,3
2820,571.55,3
2822,571.55,3
2824,571.55,3
2826,571.55,3
2831,571.55,3
2833,571.55,3
2840,571.55,3
2849,571.55,3
2851,571.55,3
2855,571.55,3
2860,571.55,3
2866,571.55,3
2867,571.55,3
2875,571.55,3
2878,571.55,3
2880,571.55,3
2881,571.55,3
2883,571.55,3
2886,571.55,3
2889,571.55,3
2892,571.55,3
2899,571.55,3
2900,571.55,3
2918,571.55,3
2924,571.55,3
2925,571.55,3
2933,571.55,3
2934,571.55,3
2935,571.55,3
2937,571.55,3
2941,571.55,3
2950,571.55,3
2952,571.55,3
2956,571.55,3
2965,571.55,3
2967,571.55,3
2975,571.55,3
2977,571.55,3
2981,571.55,3
2992,571.55,3
2999,571.55,3
3000,571.55,3
3002,571.55,3
3007,571.55,3
3014,571.55,3
3021,571.55,3
3025,571.55,3
3029,571.55,3
3031,571.55,3
3034,571.55,3
3043,571.55,3
3051,571.55,3
3058,571.55,3
3061,571.55,3
3062,571.55,3
3064,571.55,3
3067,571.55,3
3068,571.55,3
3070,571.55,3
3079,571.55,3
3083,571.55,3
3085,571.55,3
3087,571.55,3
3090,571.55,3
3091,571.55,3
3097,571.55,3
3103,571.55,3
3108,571.55,3
3112,571.55,3
3114,571.55,3
3118,571.55,3
3122,571.55,3
3123,571.55,3
3126,571.55,3
3128,571.55,3
3129,571.55,3
3138,571.55,3
3140,571.55,3
3142,571.55,3
3149,571.55,3
3154,571.55,3
3155,571.55,3
3161,571.55,3
3162,571.55,3
3171,571.55,3
3186,571.55,3
3187,571.55,3
3189,571.55,3
3198,571.55,3
3200,571.55,3
3201,571.55,3
3202,571.55,3
3211,571.55,3
3212,571.55,3
3217,571.55,3
3222,571.55,3
3225,571.55,3
3229,571.55,3
3232,571.55,3
3233,571.55,3
3235,571.55,3
3236,571.55,3
3238,571.55,3
3246,571.55,3
3253,571.55,3
3257,571.55,3
3260,571.55,3
3267,571.55,3
3270,571.55,3
3272,571.55,3
3286,571.55,3
3291,571.55,3
3292,571.55,3
3294,571.55,3
3296,571.55,3
3303,571.55,3
3313,571.55,3
3318,571.55,3
3321,571.55,3
3323,571.55,3
3325,571.55,3
3339,571.55,3
3340,571.55,3
3345,571.55,3
3346,571.55,3
3364,571.55,3
3368,571.55,3
3369,571.55,3
3376,571.55,3
3394,571.55,3
3396,571.55,3
3398,571.55,3
3400,571.55,3
3405,571.55,3
3422,571.55,3
3429,571.55,3
3434,571.55,3
3436,571.55,3
3438,571.55,3
3441,571.55,3
3442,571.55,3
3446,571.55,3
3461,571.55,3
3466,571.55,3
3468,571.55,3
3472,571.55,3
3473,571.55,3
3480,571.55,3
3484,571.55,3
3486,571.55,3
3489,571.55,3
3491,571.55,3
3492,571.55,3
3495,571.55,3
3500,571.55,3
3504,571.55,3
3505,571.55,3
3506,571.55,3
3508,571.55,3
3509,571.55,3
3510,571.55,3
3523,571.55,3
3525,571.55,3
3530,571.55,3
3532,571.55,3
3534,571.55,3
3535,571.55,3
3544,571.55,3
3550,571.55,3
3551,571.55,3
3559,571.55,3
3566,571.55,3
3582,571.55,3
3583,571.55,3
3584,571.55,3
3585,571.55,3
3588,571.55,3
3597,571.55,3
3601,571.55,3
3609,571.55,3
3611,571.55,3
3613,571.55,3
3626,571.55,3
3629,571.55,3
3630,571.55,3
3636,571.55,3
3639,571.55,3
3642,571.55,3
3643,571.55,3
3652,571.55,3
3653,571.55,3
3656,571.55,3
3657,571.55,3
3659,571.55,3
3661,571.55,3
3669,571.55,3
3690,571.55,3
3692,571.55,3
3699,571.55,3
3701,571.55,3
3704,571.55,3
3710,571.55,3
3712,571.55,3
3716,571.55,3
3718,571.55,3
3719,571.55,3
3721,571.55,3
3725,571.55,3
3732,571.55,3
3736,571.55,3
3739,571.55,3
3746,571.55,3
3757,571.55,3
3759,571.55,3
3761,571.55,3
3762,571.55,3
3779,571.55,3
3794,571.55,3
3797,571.55,3
3799,571.55,3
3800,571.55,3
3806,571.55,3
3810,571.55,3
3811,571.55,3
3820,571.55,3
3823,571.55,3
3827,571.55,3
3828,571.55,3
3833,571.55,3
3843,571.55,3
3844,571.55,3
3847,571.55,3
3859,571.55,3
3861,571.55,3
3865,571.55,3
3871,571.55,3
3874,571.55,3
3875,571.55,3
3880,571.55,3
3895,571.55,3
3896,571.55,3
3900,571.55,3
3901,571.55,3
3911,571.55,3
3913,571.55,3
3914,571.55,3
3917,571.55,3
3921,571.55,3
3930,571.55,3
3939,571.55,3
3944,571.55,3
3945,571.55,3
3947,571.55,3
3950,571.55,3
3953,571.55,3
3955,571.55,3
3959,571.55,3
3961,571.55,3
3962,571.55,3
3966,571.55,3
3968,571.55,3
3969,571.55,3
3987,571.55,3
3988,571.55,3
3992,571.55,3
3995,571.55,3
4001,571.55,3
4002,571.55,3
4003,571.55,3
4010,571.55,3
4011,571.55,3
4013,571.55,3
4017,571.55,3
4018,571.55,3
4019,571.55,3
4020,571.55,3
4034,571.55,3
4036,571.55,3
4037,571.55,3
4044,571.55,3
4056,571.55,3
4058,571.55,3
4059,571.55,3
4068,571.55,3
4082,571.55,3
4086,571.55,3
4089,571.55,3
4102,571.55,3
4103,571.55,3
4108,571.55,3
4112,571.55,3
4113,571.55,3
4119,571.55,3
4121,571.55,3
4123,571.55,3
4126,571.55,3
4129,571.55,3
4132,571.55,3
4134,571.55,3
4136,571.55,3
4147,571.55,3
4150,571.55,3
4152,571.55,3
4157,571.55,3
4160,571.55,3
4163,571.55,3
4165,571.55,3
4176,571.55,3
4178,571.55,3
4180,571.55,3
4181,571.55,3
4185,571.55,3
4186,571.55,3
4189,571.55,3
4207,571.55,3
4212,571.55,3
4213,571.55,3
4227,571.55,3
4228,571.55,3
4232,571.55,3
4233,571.55,3
4235,571.55,3
4236,571.55,3
4241,571.55,3
4244,571.55,3
4248,571.55,3
4249,571.55,3
4255,571.55,3
4256,571.55,3
4257,571.55,3
4258,571.55,3
4273,571.55,3
4284,571.55,3
4285,571.55,3
4286,571.55,3
4293,571.55,3
4297,571.55,3
4298,571.55,3
4299,571.55,3
4300,571.55,3
4302,571.55,3
4306,571.55,3
4307,571.55,3
4309,571.55,3
4315,571.55,3
4321,571.55,3
4324,571.55,3
4327,571.55,3
4335,571.55,3
4336,571.55,3
4339,571.55,3
4342,571.55,3
4346,571.55,3
4352,571.55,3
4356,571.55,3
4358,571.55,3
4359,571.55,3
4361,571.55,3
4362,571.55,3
4379,571.55,3
4385,571.55,3
4387,571.55,3
4389,571.55,3
4390,571.55,3
4394,571.55,3
4397,571.55,3
4398,571.55,3
4411,571.55,3
4413,571.55,3
4416,571.55,3
4418,571.55,3
4419,571.55,3
4423,571.55,3
4428,571.55,3
4437,571.55,3
4440,571.55,3
4446,571.55,3
4449,571.55,3
4451,571.55,3
4453,571.55,3
4469,571.55,3
4476,571.55,3
4477,571.55,3
4480,571.55,3
4487,571.55,3
4493,571.55,3
4496,571.55,3
4501,571.55,3
4506,571.55,3
4508,571.55,3
4516,571.55,3
4536,571.55,3
4537,571.55,3
4538,571.55,3
4543,571.55,3
4550,571.55,3
4557,571.55,3
4560,571.55,3
4569,571.55,3
4575,571.55,3
4581,571.55,3
4583,571.55,3
4584,571.55,3
4595,571.55,3
4599,571.55,3
4604,571.55,3
4605,571.55,3
4609,571.55,3
4612,571.55,3
4615,571.55,3
4616,571.55,3
4617,571.55,3
4620,571.55,3
4626,571.55,3
4631,571.55,3
4642,571.55,3
4644,571.55,3
4649,571.55,3
4657,571.55,3
4662,571.55,3
4669,571.55,3
4677,571.55,3
4680,571.55,3
4691,571.55,3
4692,571.55,3
4693,571.55,3
4701,571.55,3
4702,571.55,3
4705,571.55,3
4708,571.55,3
4711,571.55,3
4714,571.55,3
4715,571.55,3
4722,571.55,3
4723,571.55,3
4726,571.55,3
4729,571.55,3
4730,571.55,3
4731,571.55,3
4735,571.55,3
4738,571.55,3
4764,571.55,3
4767,571.55,3
4768,571.55,3
4770,571.55,3
4773,571.55,3
4776,571.55,3
4780,571.55,3
4784,571.55,3
4788,571.55,3
4790,571.55,3
4795,571.55,3
4796,571.55,3
4805,571.55,3
4810,571.55,3
4813,571.55,3
4818,571.55,3
4828,571.55,3
4829,571.55,3
4835,571.55,3
4837,571.55,3
4838,571.55,3
4841,571.55,3
4846,571.55,3
4849,571.55,3
4850,571.55,3
4852,571.55,3
4854,571.55,3
4862,571.55,3
4865,571.55,3
4867,571.55,3
4873,571.55,3
4877,571.55,3
4878,571.55,3
4879,571.55,3
4884,571.55,3
4889,571.55,3
4897,571.55,3
4898,571.55,3
4899,571.55,3
4906,571.55,3
4907,571.55,3
4912,571.55,3
4915,571.55,3
4918,571.55,3
4924,571.55,3
4930,571.55,3
4939,571.55,3
4946,571.55,3
4947,571.55,3
4952,571.55,3
4953,571.55,3
4961,571.55,3
4966,571.55,3
4971,571.55,3
4973,571.55,3
70,572.68,3
530,572.68,3
980,572.68,3
2035,572.68,3
4229,572.68,3
4368,572.68,3
4943,572.68,3
4972,572.68,3
